Date,Year,Month,Quarter,Laptop_Model,Location,Current_Inventory,Demand,Supply,Incoming_Supply,Supplier_Lead_Time,Supplier_Delay,Safety_Stock,Reorder_Level,Stockout_History,Orders,Late_Orders,Average_Order_Delay,Customer_Satisfaction,Future_Requirement,Required_Replenishment,Surplus_Inventory,Inventory_Status,Late_Order_Risk,Demand_Lag_1,Demand_Lag_3,Demand_Rolling_3,Incoming_Supply_Lag_1,Incoming_Supply_Rolling_3,Supplier_Delay_Lag_1,Supplier_Delay_Rolling_3
2019-01-01,2019,1,Q1,ASUS VivoBook 15,Bangalore,59,160,164,42,8,2,45,136,0,149,25,1.39,92.32,177,121,0,Shortage,Medium,,,,,,,
2019-01-01,2019,1,Q1,ASUS VivoBook 15,Delhi,69,197,221,48,6,2,41,187,0,197,38,2.51,85.98,209,133,0,Shortage,Medium,,,,,,,
2019-01-01,2019,1,Q1,ASUS VivoBook 15,Mumbai,70,174,171,45,6,1,44,169,0,167,23,0.82,92.73,174,103,0,Shortage,Medium,,,,,,,
2019-01-01,2019,1,Q1,Acer Aspire 5,Bangalore,36,153,149,24,8,2,39,146,0,143,24,2.65,86.08,157,136,0,Shortage,Medium,,,,,,,
2019-01-01,2019,1,Q1,Acer Aspire 5,Delhi,54,191,190,41,7,3,50,165,0,193,45,5.43,83.14,207,162,0,Shortage,High,,,,,,,
2019-01-01,2019,1,Q1,Acer Aspire 5,Mumbai,43,172,158,28,8,3,32,153,0,168,36,3.67,88.22,167,128,0,Shortage,High,,,,,,,
2019-01-01,2019,1,Q1,Dell Inspiron 15,Bangalore,24,203,204,35,7,1,38,173,1,199,47,2.43,85.32,197,176,0,Shortage,Medium,,,,,,,
2019-01-01,2019,1,Q1,Dell Inspiron 15,Delhi,56,233,228,19,9,1,67,196,0,224,39,1.64,90.73,260,252,0,Shortage,Medium,,,,,,,
2019-01-01,2019,1,Q1,Dell Inspiron 15,Mumbai,67,217,190,41,7,3,48,184,0,219,50,3.46,86.46,206,146,0,Shortage,Medium,,,,,,,
2019-01-01,2019,1,Q1,HP Pavilion 15,Bangalore,25,172,155,14,7,3,38,173,1,171,49,3.34,80.39,192,191,0,Shortage,High,,,,,,,
2019-01-01,2019,1,Q1,HP Pavilion 15,Delhi,74,209,171,18,9,3,40,165,0,201,45,3.28,83.94,213,161,0,Shortage,Medium,,,,,,,
2019-01-01,2019,1,Q1,HP Pavilion 15,Mumbai,39,195,207,50,7,2,39,194,0,200,39,2.08,91.75,193,143,0,Shortage,Medium,,,,,,,
2019-01-01,2019,1,Q1,Lenovo IdeaPad Slim 3,Bangalore,86,202,209,44,6,2,42,162,0,198,32,1.32,92.52,217,129,0,Shortage,Medium,,,,,,,
2019-01-01,2019,1,Q1,Lenovo IdeaPad Slim 3,Delhi,54,220,221,28,9,1,53,224,0,220,40,1.01,94.84,223,194,0,Shortage,Medium,,,,,,,
2019-01-01,2019,1,Q1,Lenovo IdeaPad Slim 3,Mumbai,55,244,251,51,6,2,44,220,0,222,49,3.33,84.72,271,209,0,Shortage,Medium,,,,,,,
2019-02-01,2019,2,Q1,ASUS VivoBook 15,Bangalore,15,150,156,26,8,2,33,121,1,151,39,2.63,84.73,157,149,0,Shortage,High,160.0,,,42.0,,2.0,
2019-02-01,2019,2,Q1,ASUS VivoBook 15,Delhi,15,198,167,31,7,1,37,201,1,191,47,1.53,86.97,211,202,0,Shortage,High,197.0,,,48.0,,2.0,
2019-02-01,2019,2,Q1,ASUS VivoBook 15,Mumbai,15,191,166,49,7,2,54,187,1,176,47,2.66,81.62,206,196,0,Shortage,High,174.0,,,45.0,,1.0,
2019-02-01,2019,2,Q1,Acer Aspire 5,Bangalore,15,153,143,14,8,1,29,124,1,144,34,1.85,85.76,146,146,0,Shortage,Medium,153.0,,,24.0,,2.0,
2019-02-01,2019,2,Q1,Acer Aspire 5,Delhi,15,179,162,19,9,3,33,155,1,170,50,3.85,78.01,186,185,0,Shortage,High,191.0,,,41.0,,3.0,
2019-02-01,2019,2,Q1,Acer Aspire 5,Mumbai,15,179,178,31,8,2,39,167,1,161,43,2.07,85.43,176,169,0,Shortage,High,172.0,,,28.0,,3.0,
2019-02-01,2019,2,Q1,Dell Inspiron 15,Bangalore,15,198,216,33,8,1,49,199,1,203,49,1.48,87.45,190,191,0,Shortage,High,203.0,,,35.0,,1.0,
2019-02-01,2019,2,Q1,Dell Inspiron 15,Delhi,15,246,271,60,6,1,53,248,1,241,62,1.65,84.41,249,227,0,Shortage,High,233.0,,,19.0,,1.0,
2019-02-01,2019,2,Q1,Dell Inspiron 15,Mumbai,15,233,224,33,6,0,59,217,1,228,54,1.19,85.83,247,258,0,Shortage,Medium,217.0,,,41.0,,3.0,
2019-02-01,2019,2,Q1,HP Pavilion 15,Bangalore,15,173,163,28,8,4,38,163,1,174,57,3.7,74.54,166,161,0,Shortage,High,172.0,,,14.0,,3.0,
2019-02-01,2019,2,Q1,HP Pavilion 15,Delhi,15,199,204,38,8,2,57,190,1,181,51,3.08,77.19,223,227,0,Shortage,High,209.0,,,18.0,,3.0,
2019-02-01,2019,2,Q1,HP Pavilion 15,Mumbai,15,179,176,42,7,3,48,144,1,181,55,3.28,79.82,182,173,0,Shortage,High,195.0,,,50.0,,2.0,
2019-02-01,2019,2,Q1,Lenovo IdeaPad Slim 3,Bangalore,15,217,225,23,6,2,53,220,1,215,66,2.37,82.41,228,243,0,Shortage,High,202.0,,,44.0,,2.0,
2019-02-01,2019,2,Q1,Lenovo IdeaPad Slim 3,Delhi,15,271,284,55,6,2,52,217,1,274,88,3.05,83.36,261,243,0,Shortage,High,220.0,,,28.0,,1.0,
2019-02-01,2019,2,Q1,Lenovo IdeaPad Slim 3,Mumbai,15,226,235,45,7,2,65,182,1,216,64,2.29,84.04,243,248,0,Shortage,High,244.0,,,51.0,,2.0,
2019-03-01,2019,3,Q1,ASUS VivoBook 15,Bangalore,15,176,194,45,9,4,51,156,1,179,59,4.9,74.82,185,176,0,Shortage,High,150.0,,,26.0,,2.0,
2019-03-01,2019,3,Q1,ASUS VivoBook 15,Delhi,15,200,194,40,7,3,40,167,1,197,62,4.65,74.56,199,184,0,Shortage,High,198.0,,,31.0,,1.0,
2019-03-01,2019,3,Q1,ASUS VivoBook 15,Mumbai,15,179,185,21,9,2,45,161,1,182,48,3.05,81.85,191,200,0,Shortage,High,191.0,,,49.0,,2.0,
2019-03-01,2019,3,Q1,Acer Aspire 5,Bangalore,15,152,119,24,9,1,38,124,1,157,30,1.14,86.04,161,160,0,Shortage,Medium,153.0,,,14.0,,1.0,
2019-03-01,2019,3,Q1,Acer Aspire 5,Delhi,15,183,188,28,6,2,41,175,1,174,45,2.43,84.74,189,187,0,Shortage,High,179.0,,,19.0,,3.0,
2019-03-01,2019,3,Q1,Acer Aspire 5,Mumbai,15,172,164,10,9,4,52,155,1,172,56,4.14,83.71,169,196,0,Shortage,High,179.0,,,31.0,,2.0,
2019-03-01,2019,3,Q1,Dell Inspiron 15,Bangalore,15,216,213,39,8,1,58,191,1,203,53,3.1,81.33,218,222,0,Shortage,High,198.0,,,33.0,,1.0,
2019-03-01,2019,3,Q1,Dell Inspiron 15,Delhi,15,251,257,36,7,1,51,218,1,236,68,1.94,85.79,240,240,0,Shortage,High,246.0,,,60.0,,1.0,
2019-03-01,2019,3,Q1,Dell Inspiron 15,Mumbai,15,209,203,31,8,4,44,177,1,195,67,3.67,79.54,203,201,0,Shortage,High,233.0,,,33.0,,0.0,
2019-03-01,2019,3,Q1,HP Pavilion 15,Bangalore,15,194,185,26,6,3,38,154,1,196,62,2.85,79.78,209,206,0,Shortage,High,173.0,,,28.0,,4.0,
2019-03-01,2019,3,Q1,HP Pavilion 15,Delhi,15,214,205,21,7,2,62,171,1,222,63,2.17,83.9,239,265,0,Shortage,High,199.0,,,38.0,,2.0,
2019-03-01,2019,3,Q1,HP Pavilion 15,Mumbai,15,203,204,41,6,3,43,196,1,192,57,3.46,76.68,197,184,0,Shortage,High,179.0,,,42.0,,3.0,
2019-03-01,2019,3,Q1,Lenovo IdeaPad Slim 3,Bangalore,15,236,216,29,8,2,65,219,1,237,70,2.27,86.34,234,255,0,Shortage,High,217.0,,,23.0,,2.0,
2019-03-01,2019,3,Q1,Lenovo IdeaPad Slim 3,Delhi,15,292,305,77,7,2,59,232,1,296,101,2.76,80.66,287,254,0,Shortage,High,271.0,,,55.0,,2.0,
2019-03-01,2019,3,Q1,Lenovo IdeaPad Slim 3,Mumbai,15,237,256,40,9,2,66,210,1,220,66,3.81,78.6,235,246,0,Shortage,High,226.0,,,45.0,,2.0,
2019-04-01,2019,4,Q2,ASUS VivoBook 15,Bangalore,15,162,160,32,7,4,32,165,1,159,51,5.68,73.11,160,145,0,Shortage,High,176.0,160.0,162.0,45.0,37.666666666666664,4.0,2.6666666666666665
2019-04-01,2019,4,Q2,ASUS VivoBook 15,Delhi,15,212,231,34,7,3,54,210,1,187,60,4.19,80.67,235,240,0,Shortage,High,200.0,197.0,198.33333333333334,40.0,39.666666666666664,3.0,2.0
2019-04-01,2019,4,Q2,ASUS VivoBook 15,Mumbai,15,179,172,31,7,4,48,150,1,166,53,3.74,74.86,171,173,0,Shortage,High,179.0,174.0,181.33333333333334,21.0,38.333333333333336,2.0,1.6666666666666667
2019-04-01,2019,4,Q2,Acer Aspire 5,Bangalore,15,156,159,30,9,1,45,152,1,159,35,2.05,86.5,167,167,0,Shortage,Medium,152.0,153.0,152.66666666666666,24.0,20.666666666666668,1.0,1.3333333333333333
2019-04-01,2019,4,Q2,Acer Aspire 5,Delhi,15,180,192,39,9,2,36,176,1,174,48,3.76,78.68,174,156,0,Shortage,High,183.0,191.0,184.33333333333334,28.0,29.333333333333332,2.0,2.6666666666666665
2019-04-01,2019,4,Q2,Acer Aspire 5,Mumbai,15,181,184,25,8,4,41,157,1,174,57,4.37,69.81,198,199,0,Shortage,High,172.0,172.0,174.33333333333334,10.0,23.0,4.0,3.0
2019-04-01,2019,4,Q2,Dell Inspiron 15,Bangalore,15,199,177,42,8,0,46,169,1,180,37,1.69,84.58,219,208,0,Shortage,Medium,216.0,203.0,205.66666666666666,39.0,35.666666666666664,1.0,1.0
2019-04-01,2019,4,Q2,Dell Inspiron 15,Delhi,15,237,244,18,8,2,46,230,1,218,65,2.57,82.76,254,267,0,Shortage,High,251.0,233.0,243.33333333333334,36.0,38.333333333333336,1.0,1.0
2019-04-01,2019,4,Q2,Dell Inspiron 15,Mumbai,15,226,231,19,8,3,43,188,1,220,74,3.52,76.77,246,255,0,Shortage,High,209.0,217.0,219.66666666666666,31.0,35.0,4.0,2.3333333333333335
2019-04-01,2019,4,Q2,HP Pavilion 15,Bangalore,15,194,181,38,6,2,46,182,1,177,47,2.7,78.51,201,194,0,Shortage,High,194.0,172.0,179.66666666666666,26.0,22.666666666666668,3.0,3.3333333333333335
2019-04-01,2019,4,Q2,HP Pavilion 15,Delhi,15,231,209,27,6,2,65,235,1,213,63,2.19,87.63,230,253,0,Shortage,High,214.0,209.0,207.33333333333334,21.0,25.666666666666668,2.0,2.3333333333333335
2019-04-01,2019,4,Q2,HP Pavilion 15,Mumbai,15,209,233,31,8,3,61,184,1,185,59,3.11,77.54,201,216,0,Shortage,High,203.0,195.0,192.33333333333334,41.0,44.333333333333336,3.0,2.6666666666666665
2019-04-01,2019,4,Q2,Lenovo IdeaPad Slim 3,Bangalore,15,229,233,61,8,1,64,196,1,223,57,1.74,82.43,221,209,0,Shortage,High,236.0,202.0,218.33333333333334,29.0,32.0,2.0,2.0
2019-04-01,2019,4,Q2,Lenovo IdeaPad Slim 3,Delhi,15,274,267,43,9,2,76,266,1,267,86,2.76,78.64,303,321,0,Shortage,High,292.0,220.0,261.0,77.0,53.333333333333336,2.0,1.6666666666666667
2019-04-01,2019,4,Q2,Lenovo IdeaPad Slim 3,Mumbai,15,241,255,59,7,2,68,202,1,250,77,2.96,82.97,236,230,0,Shortage,High,237.0,244.0,235.66666666666666,40.0,45.333333333333336,2.0,2.0
2019-05-01,2019,5,Q2,ASUS VivoBook 15,Bangalore,15,164,168,20,8,3,34,166,1,157,46,3.19,75.83,168,167,0,Shortage,High,162.0,150.0,162.66666666666666,32.0,34.333333333333336,4.0,3.3333333333333335
2019-05-01,2019,5,Q2,ASUS VivoBook 15,Delhi,15,196,218,29,9,3,59,199,1,194,59,2.47,84.49,215,230,0,Shortage,High,212.0,198.0,203.33333333333334,34.0,35.0,3.0,2.3333333333333335
2019-05-01,2019,5,Q2,ASUS VivoBook 15,Mumbai,15,198,199,37,6,2,53,178,1,188,53,1.76,85.59,219,220,0,Shortage,High,179.0,191.0,183.0,31.0,33.666666666666664,4.0,2.6666666666666665
2019-05-01,2019,5,Q2,Acer Aspire 5,Bangalore,15,162,165,23,8,2,39,128,1,168,43,2.79,77.47,166,167,0,Shortage,High,156.0,153.0,153.66666666666666,30.0,22.666666666666668,1.0,1.0
2019-05-01,2019,5,Q2,Acer Aspire 5,Delhi,15,193,170,43,7,2,38,195,1,172,47,1.9,83.58,194,174,0,Shortage,High,180.0,179.0,180.66666666666666,39.0,28.666666666666668,2.0,2.3333333333333335
2019-05-01,2019,5,Q2,Acer Aspire 5,Mumbai,15,191,181,12,9,5,51,179,1,193,74,5.31,73.86,188,212,0,Shortage,High,181.0,179.0,177.33333333333334,25.0,22.0,4.0,3.3333333333333335
2019-05-01,2019,5,Q2,Dell Inspiron 15,Bangalore,15,214,201,47,5,2,39,168,1,215,60,3.82,76.59,213,190,0,Shortage,High,199.0,198.0,204.33333333333334,42.0,38.0,0.0,0.6666666666666666
2019-05-01,2019,5,Q2,Dell Inspiron 15,Delhi,15,263,280,30,7,2,73,258,1,244,78,2.93,82.8,278,306,0,Shortage,High,237.0,246.0,244.66666666666666,18.0,38.0,2.0,1.3333333333333333
2019-05-01,2019,5,Q2,Dell Inspiron 15,Mumbai,15,210,209,61,7,2,46,196,1,216,60,2.81,81.04,210,180,0,Shortage,High,226.0,233.0,222.66666666666666,19.0,27.666666666666668,3.0,2.3333333333333335
2019-05-01,2019,5,Q2,HP Pavilion 15,Bangalore,15,197,196,14,9,2,49,166,1,188,50,1.18,88.28,207,227,0,Shortage,High,194.0,173.0,187.0,38.0,30.666666666666668,2.0,3.0
2019-05-01,2019,5,Q2,HP Pavilion 15,Delhi,15,217,221,45,8,1,46,219,1,224,60,1.35,87.56,221,207,0,Shortage,High,231.0,199.0,214.66666666666666,27.0,28.666666666666668,2.0,2.0
2019-05-01,2019,5,Q2,HP Pavilion 15,Mumbai,15,203,202,57,9,2,41,201,1,206,58,3.51,82.8,197,166,0,Shortage,High,209.0,179.0,197.0,31.0,38.0,3.0,3.0
2019-05-01,2019,5,Q2,Lenovo IdeaPad Slim 3,Bangalore,15,241,268,47,6,2,62,218,1,214,64,2.5,80.14,265,265,0,Shortage,High,229.0,217.0,227.33333333333334,61.0,37.666666666666664,1.0,1.6666666666666667
2019-05-01,2019,5,Q2,Lenovo IdeaPad Slim 3,Delhi,15,249,254,47,7,2,66,228,1,240,74,2.43,82.1,238,242,0,Shortage,High,274.0,271.0,279.0,43.0,58.333333333333336,2.0,2.0
2019-05-01,2019,5,Q2,Lenovo IdeaPad Slim 3,Mumbai,15,239,234,29,7,3,46,223,1,246,83,3.25,81.03,256,258,0,Shortage,High,241.0,226.0,234.66666666666666,59.0,48.0,2.0,2.0
2019-06-01,2019,6,Q2,ASUS VivoBook 15,Bangalore,15,177,166,38,6,3,49,177,1,160,49,3.57,78.02,184,180,0,Shortage,High,164.0,176.0,167.33333333333334,20.0,32.333333333333336,3.0,3.6666666666666665
2019-06-01,2019,6,Q2,ASUS VivoBook 15,Delhi,15,208,200,15,9,6,60,172,1,195,74,5.34,73.18,200,230,0,Shortage,High,196.0,200.0,202.66666666666666,29.0,34.333333333333336,3.0,3.0
2019-06-01,2019,6,Q2,ASUS VivoBook 15,Mumbai,15,191,162,25,8,2,50,195,1,190,50,2.58,80.37,200,210,0,Shortage,High,198.0,179.0,185.33333333333334,37.0,29.666666666666668,2.0,2.6666666666666665
2019-06-01,2019,6,Q2,Acer Aspire 5,Bangalore,15,173,168,32,8,5,47,142,1,156,55,4.9,77.02,165,165,0,Shortage,High,162.0,152.0,156.66666666666666,23.0,25.666666666666668,2.0,1.3333333333333333
2019-06-01,2019,6,Q2,Acer Aspire 5,Delhi,15,187,191,22,8,2,40,158,1,193,48,2.85,86.75,190,193,0,Shortage,High,193.0,183.0,185.33333333333334,43.0,36.666666666666664,2.0,2.0
2019-06-01,2019,6,Q2,Acer Aspire 5,Mumbai,15,162,158,21,9,4,46,160,1,150,47,3.71,76.97,159,169,0,Shortage,High,191.0,172.0,181.33333333333334,12.0,15.666666666666666,5.0,4.333333333333333
2019-06-01,2019,6,Q2,Dell Inspiron 15,Bangalore,15,222,236,51,8,2,60,216,1,200,58,2.76,79.03,223,217,0,Shortage,High,214.0,216.0,209.66666666666666,47.0,42.666666666666664,2.0,1.0
2019-06-01,2019,6,Q2,Dell Inspiron 15,Delhi,15,273,279,69,6,3,52,257,1,248,91,4.08,77.75,303,271,0,Shortage,High,263.0,251.0,250.33333333333334,30.0,28.0,2.0,1.6666666666666667
2019-06-01,2019,6,Q2,Dell Inspiron 15,Mumbai,15,245,259,38,8,2,63,214,1,241,74,3.03,81.76,269,279,0,Shortage,High,210.0,209.0,215.0,61.0,37.0,2.0,3.0
2019-06-01,2019,6,Q2,HP Pavilion 15,Bangalore,15,192,179,38,7,1,47,164,1,177,39,1.62,83.22,188,182,0,Shortage,Medium,197.0,194.0,195.0,14.0,26.0,2.0,2.3333333333333335
2019-06-01,2019,6,Q2,HP Pavilion 15,Delhi,15,194,185,20,5,1,37,179,1,185,45,1.67,84.01,201,203,0,Shortage,High,217.0,214.0,220.66666666666666,45.0,31.0,1.0,1.6666666666666667
2019-06-01,2019,6,Q2,HP Pavilion 15,Mumbai,15,199,213,53,6,1,54,194,1,176,44,2.07,83.53,197,183,0,Shortage,High,203.0,203.0,205.0,57.0,43.0,2.0,2.6666666666666665
2019-06-01,2019,6,Q2,Lenovo IdeaPad Slim 3,Bangalore,15,216,221,42,7,3,53,181,1,207,65,4.5,79.41,221,217,0,Shortage,High,241.0,236.0,235.33333333333334,47.0,45.666666666666664,2.0,1.6666666666666667
2019-06-01,2019,6,Q2,Lenovo IdeaPad Slim 3,Delhi,15,265,241,66,7,1,63,258,1,260,74,2.4,82.17,289,271,0,Shortage,High,249.0,292.0,271.6666666666667,47.0,55.666666666666664,2.0,2.0
2019-06-01,2019,6,Q2,Lenovo IdeaPad Slim 3,Mumbai,15,247,230,50,9,2,53,241,1,221,66,4.08,79.62,259,247,0,Shortage,High,239.0,237.0,239.0,29.0,42.666666666666664,3.0,2.3333333333333335
2019-07-01,2019,7,Q3,ASUS VivoBook 15,Bangalore,15,169,188,44,7,3,42,148,1,149,40,4.05,79.22,183,166,0,Shortage,High,177.0,162.0,167.66666666666666,38.0,30.0,3.0,3.3333333333333335
2019-07-01,2019,7,Q3,ASUS VivoBook 15,Delhi,15,189,190,34,9,5,47,179,1,189,70,4.37,78.88,180,178,0,Shortage,High,208.0,212.0,205.33333333333334,15.0,26.0,6.0,4.0
2019-07-01,2019,7,Q3,ASUS VivoBook 15,Mumbai,15,183,174,31,6,5,49,170,1,184,67,5.08,72.15,198,201,0,Shortage,High,191.0,179.0,189.33333333333334,25.0,31.0,2.0,2.6666666666666665
2019-07-01,2019,7,Q3,Acer Aspire 5,Bangalore,15,172,190,27,9,4,38,148,1,174,57,3.18,82.71,172,168,0,Shortage,High,173.0,156.0,163.66666666666666,32.0,28.333333333333332,5.0,2.6666666666666665
2019-07-01,2019,7,Q3,Acer Aspire 5,Delhi,15,185,199,46,8,2,47,174,1,187,48,2.58,85.07,178,164,0,Shortage,High,187.0,180.0,186.66666666666666,22.0,34.666666666666664,2.0,2.0
2019-07-01,2019,7,Q3,Acer Aspire 5,Mumbai,15,175,156,19,9,4,41,140,1,175,55,5.28,74.55,185,192,0,Shortage,High,162.0,181.0,178.0,21.0,19.333333333333332,4.0,4.333333333333333
2019-07-01,2019,7,Q3,Dell Inspiron 15,Bangalore,15,228,232,57,5,1,41,201,1,210,53,2.15,81.54,237,206,0,Shortage,High,222.0,199.0,211.66666666666666,51.0,46.666666666666664,2.0,1.3333333333333333
2019-07-01,2019,7,Q3,Dell Inspiron 15,Delhi,15,248,227,45,5,3,51,230,1,221,75,4.54,75.69,238,229,0,Shortage,High,273.0,237.0,257.6666666666667,69.0,39.0,3.0,2.3333333333333335
2019-07-01,2019,7,Q3,Dell Inspiron 15,Mumbai,15,226,215,39,7,2,68,220,1,221,60,3.22,80.59,220,234,0,Shortage,High,245.0,226.0,227.0,38.0,39.333333333333336,2.0,2.3333333333333335
2019-07-01,2019,7,Q3,HP Pavilion 15,Bangalore,15,196,178,24,8,1,53,184,1,176,44,2.33,84.64,195,209,0,Shortage,High,192.0,194.0,194.33333333333334,38.0,30.0,1.0,1.6666666666666667
2019-07-01,2019,7,Q3,HP Pavilion 15,Delhi,15,223,223,22,7,2,49,213,1,210,64,2.7,84.37,246,258,0,Shortage,High,194.0,231.0,214.0,20.0,30.666666666666668,1.0,1.3333333333333333
2019-07-01,2019,7,Q3,HP Pavilion 15,Mumbai,15,197,227,45,7,2,57,184,1,190,53,2.29,82.62,204,201,0,Shortage,High,199.0,209.0,203.66666666666666,53.0,47.0,1.0,2.0
2019-07-01,2019,7,Q3,Lenovo IdeaPad Slim 3,Bangalore,15,240,241,65,7,2,64,232,1,232,71,2.44,82.56,261,245,0,Shortage,High,216.0,229.0,228.66666666666666,42.0,50.0,3.0,2.0
2019-07-01,2019,7,Q3,Lenovo IdeaPad Slim 3,Delhi,15,290,323,71,7,1,71,229,1,269,81,2.32,84.48,304,289,0,Shortage,High,265.0,274.0,262.6666666666667,66.0,52.0,1.0,1.6666666666666667
2019-07-01,2019,7,Q3,Lenovo IdeaPad Slim 3,Mumbai,15,262,248,34,6,2,66,264,1,239,77,3.4,80.61,262,279,0,Shortage,High,247.0,241.0,242.33333333333334,50.0,46.0,2.0,2.3333333333333335
2019-08-01,2019,8,Q3,ASUS VivoBook 15,Bangalore,15,193,178,13,9,3,42,181,1,193,60,4.17,78.72,192,206,0,Shortage,High,169.0,164.0,170.0,44.0,34.0,3.0,3.0
2019-08-01,2019,8,Q3,ASUS VivoBook 15,Delhi,15,189,204,30,7,2,38,180,1,174,46,2.07,85.49,194,187,0,Shortage,High,189.0,196.0,197.66666666666666,34.0,26.0,5.0,4.666666666666667
2019-08-01,2019,8,Q3,ASUS VivoBook 15,Mumbai,15,212,216,40,7,5,41,200,1,189,72,5.0,74.26,210,196,0,Shortage,High,183.0,198.0,190.66666666666666,31.0,31.0,5.0,3.0
2019-08-01,2019,8,Q3,Acer Aspire 5,Bangalore,15,172,178,50,7,3,35,137,1,152,44,4.09,79.29,165,135,0,Shortage,High,172.0,162.0,169.0,27.0,27.333333333333332,4.0,3.6666666666666665
2019-08-01,2019,8,Q3,Acer Aspire 5,Delhi,15,207,217,40,7,2,47,210,1,184,52,2.83,80.78,207,199,0,Shortage,High,185.0,193.0,188.33333333333334,46.0,37.0,2.0,2.0
2019-08-01,2019,8,Q3,Acer Aspire 5,Mumbai,15,195,176,42,8,5,42,193,1,188,70,4.9,71.57,186,171,0,Shortage,High,175.0,191.0,176.0,19.0,17.333333333333332,4.0,4.333333333333333
2019-08-01,2019,8,Q3,Dell Inspiron 15,Bangalore,15,208,205,55,7,2,39,183,1,216,62,1.98,80.89,205,174,0,Shortage,High,228.0,214.0,221.33333333333334,57.0,51.666666666666664,1.0,1.6666666666666667
2019-08-01,2019,8,Q3,Dell Inspiron 15,Delhi,15,251,225,13,6,3,48,240,1,250,85,3.93,79.31,264,284,0,Shortage,High,248.0,263.0,261.3333333333333,45.0,48.0,3.0,2.6666666666666665
2019-08-01,2019,8,Q3,Dell Inspiron 15,Mumbai,15,231,212,50,7,2,48,195,1,232,69,2.34,83.05,221,204,0,Shortage,High,226.0,210.0,227.0,39.0,46.0,2.0,2.0
2019-08-01,2019,8,Q3,HP Pavilion 15,Bangalore,15,193,189,44,7,2,53,152,1,198,53,4.55,79.87,187,181,0,Shortage,High,196.0,197.0,195.0,24.0,25.333333333333332,1.0,1.3333333333333333
2019-08-01,2019,8,Q3,HP Pavilion 15,Delhi,15,260,247,56,9,3,64,235,1,259,91,3.49,79.26,271,264,0,Shortage,High,223.0,217.0,211.33333333333334,22.0,29.0,2.0,1.3333333333333333
2019-08-01,2019,8,Q3,HP Pavilion 15,Mumbai,15,206,172,30,8,3,51,164,1,196,60,3.0,83.65,201,207,0,Shortage,High,197.0,203.0,199.66666666666666,45.0,51.666666666666664,2.0,1.6666666666666667
2019-08-01,2019,8,Q3,Lenovo IdeaPad Slim 3,Bangalore,15,263,290,75,8,2,75,210,1,268,86,3.7,78.53,282,267,0,Shortage,High,240.0,241.0,232.33333333333334,65.0,51.333333333333336,2.0,2.3333333333333335
2019-08-01,2019,8,Q3,Lenovo IdeaPad Slim 3,Delhi,15,286,310,59,5,1,73,278,1,276,84,1.66,86.29,310,309,0,Shortage,High,290.0,249.0,268.0,71.0,61.333333333333336,1.0,1.3333333333333333
2019-08-01,2019,8,Q3,Lenovo IdeaPad Slim 3,Mumbai,15,255,243,42,6,3,65,204,1,245,85,3.96,80.83,285,293,0,Shortage,High,262.0,239.0,249.33333333333334,34.0,37.666666666666664,2.0,2.3333333333333335
2019-09-01,2019,9,Q3,ASUS VivoBook 15,Bangalore,15,179,167,15,7,1,40,151,1,167,35,1.84,84.46,184,194,0,Shortage,Medium,193.0,177.0,179.66666666666666,13.0,31.666666666666668,3.0,3.0
2019-09-01,2019,9,Q3,ASUS VivoBook 15,Delhi,15,216,202,37,7,2,40,195,1,191,54,2.49,78.62,211,199,0,Shortage,High,189.0,208.0,195.33333333333334,30.0,26.333333333333332,2.0,4.333333333333333
2019-09-01,2019,9,Q3,ASUS VivoBook 15,Mumbai,15,186,199,49,7,6,40,188,1,174,64,5.82,76.92,194,170,0,Shortage,High,212.0,191.0,195.33333333333334,40.0,32.0,5.0,4.0
2019-09-01,2019,9,Q3,Acer Aspire 5,Bangalore,15,164,165,31,8,4,48,136,1,156,51,2.47,86.52,173,175,0,Shortage,High,172.0,173.0,172.33333333333334,50.0,36.333333333333336,3.0,4.0
2019-09-01,2019,9,Q3,Acer Aspire 5,Delhi,15,215,190,31,10,3,40,192,1,222,72,3.85,78.0,224,218,0,Shortage,High,207.0,187.0,193.0,40.0,36.0,2.0,2.0
2019-09-01,2019,9,Q3,Acer Aspire 5,Mumbai,15,181,180,28,7,5,51,167,1,165,59,5.86,79.43,188,196,0,Shortage,High,195.0,162.0,177.33333333333334,42.0,27.333333333333332,5.0,4.333333333333333
2019-09-01,2019,9,Q3,Dell Inspiron 15,Bangalore,15,186,164,32,6,2,40,154,1,164,43,2.16,84.67,202,195,0,Shortage,High,208.0,222.0,219.33333333333334,55.0,54.333333333333336,2.0,1.6666666666666667
2019-09-01,2019,9,Q3,Dell Inspiron 15,Delhi,15,258,256,50,8,3,60,221,1,252,88,4.27,80.2,272,267,0,Shortage,High,251.0,273.0,257.3333333333333,13.0,42.333333333333336,3.0,3.0
2019-09-01,2019,9,Q3,Dell Inspiron 15,Mumbai,15,249,240,39,5,2,64,251,1,239,73,2.94,80.28,247,257,0,Shortage,High,231.0,245.0,234.0,50.0,42.333333333333336,2.0,2.0
2019-09-01,2019,9,Q3,HP Pavilion 15,Bangalore,15,187,189,41,7,2,42,173,1,192,53,2.85,81.88,201,187,0,Shortage,High,193.0,192.0,193.66666666666666,44.0,35.333333333333336,2.0,1.3333333333333333
2019-09-01,2019,9,Q3,HP Pavilion 15,Delhi,15,252,256,24,8,3,56,227,1,250,85,2.74,83.25,257,274,0,Shortage,High,260.0,194.0,225.66666666666666,56.0,32.666666666666664,3.0,2.0
2019-09-01,2019,9,Q3,HP Pavilion 15,Mumbai,15,203,196,27,8,2,38,188,1,191,49,2.15,87.03,197,193,0,Shortage,High,206.0,199.0,200.66666666666666,30.0,42.666666666666664,3.0,2.0
2019-09-01,2019,9,Q3,Lenovo IdeaPad Slim 3,Bangalore,15,251,251,34,7,1,46,235,1,224,58,1.46,81.81,267,264,0,Shortage,High,263.0,216.0,239.66666666666666,75.0,60.666666666666664,2.0,2.3333333333333335
2019-09-01,2019,9,Q3,Lenovo IdeaPad Slim 3,Delhi,15,254,257,44,7,1,47,206,1,253,72,2.33,87.02,271,259,0,Shortage,High,286.0,265.0,280.3333333333333,59.0,65.33333333333333,1.0,1.0
2019-09-01,2019,9,Q3,Lenovo IdeaPad Slim 3,Mumbai,15,239,267,62,6,3,68,239,1,233,81,2.69,79.3,256,247,0,Shortage,High,255.0,247.0,254.66666666666666,42.0,42.0,3.0,2.3333333333333335
2019-10-01,2019,10,Q4,ASUS VivoBook 15,Bangalore,15,184,184,47,6,0,34,183,1,175,31,0.39,87.21,177,149,0,Shortage,Medium,179.0,169.0,180.33333333333334,15.0,24.0,1.0,2.3333333333333335
2019-10-01,2019,10,Q4,ASUS VivoBook 15,Delhi,15,218,216,26,7,2,61,171,1,193,55,2.13,85.18,225,245,0,Shortage,High,216.0,189.0,198.0,37.0,33.666666666666664,2.0,3.0
2019-10-01,2019,10,Q4,ASUS VivoBook 15,Mumbai,15,179,177,35,7,5,39,173,1,185,69,5.47,76.44,174,163,0,Shortage,High,186.0,183.0,193.66666666666666,49.0,40.0,6.0,5.333333333333333
2019-10-01,2019,10,Q4,Acer Aspire 5,Bangalore,15,187,179,36,8,5,44,170,1,170,60,4.85,77.01,179,172,0,Shortage,High,164.0,172.0,169.33333333333334,31.0,36.0,4.0,3.6666666666666665
2019-10-01,2019,10,Q4,Acer Aspire 5,Delhi,15,198,192,50,9,3,37,172,1,179,58,3.9,79.39,208,180,0,Shortage,High,215.0,185.0,202.33333333333334,31.0,39.0,3.0,2.3333333333333335
2019-10-01,2019,10,Q4,Acer Aspire 5,Mumbai,15,190,174,34,7,6,41,170,1,169,63,7.02,70.49,185,177,0,Shortage,High,181.0,175.0,183.66666666666666,28.0,29.666666666666668,5.0,4.666666666666667
2019-10-01,2019,10,Q4,Dell Inspiron 15,Bangalore,15,229,224,50,7,1,61,181,1,212,54,1.36,85.34,249,245,0,Shortage,High,186.0,228.0,207.33333333333334,32.0,48.0,2.0,1.6666666666666667
2019-10-01,2019,10,Q4,Dell Inspiron 15,Delhi,15,260,237,50,7,2,55,216,1,270,87,3.22,81.52,260,250,0,Shortage,High,258.0,248.0,252.33333333333334,50.0,36.0,3.0,3.0
2019-10-01,2019,10,Q4,Dell Inspiron 15,Mumbai,15,257,273,68,8,3,65,206,1,243,84,3.59,79.48,259,241,0,Shortage,High,249.0,226.0,235.33333333333334,39.0,42.666666666666664,2.0,2.0
2019-10-01,2019,10,Q4,HP Pavilion 15,Bangalore,15,209,221,29,8,2,40,181,1,194,55,2.83,81.23,214,210,0,Shortage,High,187.0,196.0,192.0,41.0,36.333333333333336,2.0,1.6666666666666667
2019-10-01,2019,10,Q4,HP Pavilion 15,Delhi,15,248,259,62,5,4,63,215,1,254,90,4.48,75.51,260,246,0,Shortage,High,252.0,223.0,245.0,24.0,34.0,3.0,2.6666666666666665
2019-10-01,2019,10,Q4,HP Pavilion 15,Mumbai,15,226,234,45,6,3,55,184,1,217,70,3.32,78.76,239,234,0,Shortage,High,203.0,197.0,202.0,27.0,34.0,2.0,2.3333333333333335
2019-10-01,2019,10,Q4,Lenovo IdeaPad Slim 3,Bangalore,15,259,276,51,7,2,56,211,1,241,74,3.82,79.46,277,267,0,Shortage,High,251.0,240.0,251.33333333333334,34.0,58.0,1.0,1.6666666666666667
2019-10-01,2019,10,Q4,Lenovo IdeaPad Slim 3,Delhi,15,301,256,51,6,3,80,235,1,297,113,3.97,78.41,301,315,0,Shortage,High,254.0,290.0,276.6666666666667,44.0,58.0,1.0,1.0
2019-10-01,2019,10,Q4,Lenovo IdeaPad Slim 3,Mumbai,15,266,271,47,6,3,62,221,1,236,83,4.58,75.84,290,290,0,Shortage,High,239.0,262.0,252.0,62.0,46.0,3.0,2.6666666666666665
2019-11-01,2019,11,Q4,ASUS VivoBook 15,Bangalore,15,224,233,29,7,3,62,204,1,228,73,3.03,81.71,224,242,0,Shortage,High,184.0,193.0,185.33333333333334,47.0,25.0,0.0,1.3333333333333333
2019-11-01,2019,11,Q4,ASUS VivoBook 15,Delhi,15,241,233,66,8,3,63,230,1,243,81,2.96,83.26,243,225,0,Shortage,High,218.0,189.0,207.66666666666666,26.0,31.0,2.0,2.0
2019-11-01,2019,11,Q4,ASUS VivoBook 15,Mumbai,15,236,216,46,8,4,63,206,1,208,74,4.16,78.15,252,254,0,Shortage,High,179.0,212.0,192.33333333333334,35.0,41.333333333333336,5.0,5.333333333333333
2019-11-01,2019,11,Q4,Acer Aspire 5,Bangalore,15,192,187,17,8,4,57,155,1,191,61,3.64,77.54,195,220,0,Shortage,High,187.0,172.0,174.33333333333334,36.0,39.0,5.0,4.0
2019-11-01,2019,11,Q4,Acer Aspire 5,Delhi,15,235,248,63,6,3,43,221,1,218,71,2.77,84.16,248,213,0,Shortage,High,198.0,207.0,206.66666666666666,50.0,40.333333333333336,3.0,2.6666666666666665
2019-11-01,2019,11,Q4,Acer Aspire 5,Mumbai,15,201,179,19,6,5,45,202,1,197,74,4.33,76.46,217,228,0,Shortage,High,190.0,195.0,188.66666666666666,34.0,34.666666666666664,6.0,5.333333333333333
2019-11-01,2019,11,Q4,Dell Inspiron 15,Bangalore,15,261,294,33,7,1,56,229,1,232,64,2.82,82.37,265,273,0,Shortage,High,229.0,208.0,207.66666666666666,50.0,45.666666666666664,1.0,1.6666666666666667
2019-11-01,2019,11,Q4,Dell Inspiron 15,Delhi,15,293,329,31,7,1,75,298,1,300,92,2.19,82.92,316,345,0,Shortage,High,260.0,251.0,256.3333333333333,50.0,37.666666666666664,2.0,2.6666666666666665
2019-11-01,2019,11,Q4,Dell Inspiron 15,Mumbai,15,251,229,44,6,3,68,226,1,235,79,3.99,79.36,252,261,0,Shortage,High,257.0,231.0,245.66666666666666,68.0,52.333333333333336,3.0,2.3333333333333335
2019-11-01,2019,11,Q4,HP Pavilion 15,Bangalore,15,184,195,24,8,1,35,147,1,174,41,2.07,86.37,185,181,0,Shortage,Medium,209.0,193.0,196.33333333333334,29.0,38.0,2.0,2.0
2019-11-01,2019,11,Q4,HP Pavilion 15,Delhi,15,262,249,50,8,3,58,246,1,269,95,3.14,80.77,259,252,0,Shortage,High,248.0,260.0,253.33333333333334,62.0,47.333333333333336,4.0,3.3333333333333335
2019-11-01,2019,11,Q4,HP Pavilion 15,Mumbai,15,241,274,43,8,3,65,204,1,249,84,4.19,77.03,261,268,0,Shortage,High,226.0,206.0,211.66666666666666,45.0,34.0,3.0,2.6666666666666665
2019-11-01,2019,11,Q4,Lenovo IdeaPad Slim 3,Bangalore,15,278,292,84,7,1,51,235,1,276,80,2.25,78.04,288,240,0,Shortage,High,259.0,263.0,257.6666666666667,51.0,53.333333333333336,2.0,1.6666666666666667
2019-11-01,2019,11,Q4,Lenovo IdeaPad Slim 3,Delhi,15,327,322,38,7,1,89,255,1,291,93,1.6,87.14,323,359,0,Shortage,High,301.0,286.0,280.3333333333333,51.0,51.333333333333336,3.0,1.6666666666666667
2019-11-01,2019,11,Q4,Lenovo IdeaPad Slim 3,Mumbai,15,308,340,79,6,1,62,268,1,320,100,3.07,79.54,324,292,0,Shortage,High,266.0,255.0,253.33333333333334,47.0,50.333333333333336,3.0,3.0
2019-12-01,2019,12,Q4,ASUS VivoBook 15,Bangalore,15,246,228,47,7,2,50,215,1,236,72,2.8,81.5,267,255,0,Shortage,High,224.0,179.0,195.66666666666666,29.0,30.333333333333332,3.0,1.3333333333333333
2019-12-01,2019,12,Q4,ASUS VivoBook 15,Delhi,15,258,273,54,7,2,51,206,1,264,82,2.1,83.53,250,232,0,Shortage,High,241.0,216.0,225.0,66.0,43.0,3.0,2.3333333333333335
2019-12-01,2019,12,Q4,ASUS VivoBook 15,Mumbai,15,215,228,46,7,2,50,196,1,195,50,2.58,83.82,236,225,0,Shortage,High,236.0,186.0,200.33333333333334,46.0,43.333333333333336,4.0,5.0
2019-12-01,2019,12,Q4,Acer Aspire 5,Bangalore,15,222,205,23,8,5,42,193,1,219,85,4.51,77.13,229,233,0,Shortage,High,192.0,164.0,181.0,17.0,28.0,4.0,4.333333333333333
2019-12-01,2019,12,Q4,Acer Aspire 5,Delhi,15,227,225,59,9,4,63,223,1,229,81,4.25,77.32,249,238,0,Shortage,High,235.0,215.0,216.0,63.0,48.0,3.0,3.0
2019-12-01,2019,12,Q4,Acer Aspire 5,Mumbai,15,234,226,20,7,5,67,204,1,208,78,5.25,74.16,237,269,0,Shortage,High,201.0,181.0,190.66666666666666,19.0,27.0,5.0,5.333333333333333
2019-12-01,2019,12,Q4,Dell Inspiron 15,Bangalore,15,288,294,50,8,0,81,238,1,258,69,1.23,86.58,278,294,0,Shortage,Medium,261.0,186.0,225.33333333333334,33.0,38.333333333333336,1.0,1.3333333333333333
2019-12-01,2019,12,Q4,Dell Inspiron 15,Delhi,15,290,288,59,6,1,55,231,1,259,82,3.04,83.51,307,288,0,Shortage,High,293.0,258.0,270.3333333333333,31.0,43.666666666666664,1.0,2.0
2019-12-01,2019,12,Q4,Dell Inspiron 15,Mumbai,15,298,313,83,6,2,57,244,1,304,105,2.23,80.74,319,278,0,Shortage,High,251.0,249.0,252.33333333333334,44.0,50.333333333333336,3.0,2.6666666666666665
2019-12-01,2019,12,Q4,HP Pavilion 15,Bangalore,15,248,253,63,6,1,58,231,1,235,68,1.64,83.6,275,255,0,Shortage,High,184.0,187.0,193.33333333333334,24.0,31.333333333333332,1.0,1.6666666666666667
2019-12-01,2019,12,Q4,HP Pavilion 15,Delhi,15,275,309,69,6,2,57,262,1,281,90,2.49,85.98,274,247,0,Shortage,High,262.0,252.0,254.0,50.0,45.333333333333336,3.0,3.3333333333333335
2019-12-01,2019,12,Q4,HP Pavilion 15,Mumbai,15,251,260,69,8,2,62,208,1,251,76,2.84,81.86,254,232,0,Shortage,High,241.0,203.0,223.33333333333334,43.0,38.333333333333336,3.0,2.6666666666666665
2019-12-01,2019,12,Q4,Lenovo IdeaPad Slim 3,Bangalore,15,267,276,48,6,1,76,252,1,267,81,1.49,82.72,261,274,0,Shortage,High,278.0,251.0,262.6666666666667,84.0,56.333333333333336,1.0,1.3333333333333333
2019-12-01,2019,12,Q4,Lenovo IdeaPad Slim 3,Delhi,15,298,304,77,5,1,57,287,1,275,84,2.01,84.77,287,252,0,Shortage,High,327.0,254.0,294.0,38.0,44.333333333333336,1.0,1.6666666666666667
2019-12-01,2019,12,Q4,Lenovo IdeaPad Slim 3,Mumbai,15,291,290,39,8,3,61,263,1,273,103,4.16,75.0,292,299,0,Shortage,High,308.0,239.0,271.0,79.0,62.666666666666664,1.0,2.3333333333333335
2020-01-01,2020,1,Q1,ASUS VivoBook 15,Bangalore,15,165,161,14,6,3,32,135,1,165,47,3.66,78.3,165,168,0,Shortage,High,246.0,184.0,218.0,47.0,41.0,2.0,1.6666666666666667
2020-01-01,2020,1,Q1,ASUS VivoBook 15,Delhi,15,217,221,42,6,2,54,188,1,206,59,2.28,83.81,239,236,0,Shortage,High,258.0,218.0,239.0,54.0,48.666666666666664,2.0,2.3333333333333335
2020-01-01,2020,1,Q1,ASUS VivoBook 15,Mumbai,15,182,192,48,6,3,33,181,1,174,51,3.3,81.22,203,173,0,Shortage,High,215.0,179.0,210.0,46.0,42.333333333333336,2.0,3.6666666666666665
2020-01-01,2020,1,Q1,Acer Aspire 5,Bangalore,15,167,167,28,8,5,50,166,1,160,57,6.05,72.06,172,179,0,Shortage,High,222.0,187.0,200.33333333333334,23.0,25.333333333333332,5.0,4.666666666666667
2020-01-01,2020,1,Q1,Acer Aspire 5,Delhi,15,185,169,29,7,3,35,154,1,173,52,2.94,84.27,185,176,0,Shortage,High,227.0,198.0,220.0,59.0,57.333333333333336,4.0,3.3333333333333335
2020-01-01,2020,1,Q1,Acer Aspire 5,Mumbai,15,167,166,16,10,4,40,134,1,169,54,3.82,80.11,172,181,0,Shortage,High,234.0,190.0,208.33333333333334,20.0,24.333333333333332,5.0,5.333333333333333
2020-01-01,2020,1,Q1,Dell Inspiron 15,Bangalore,15,194,197,52,9,0,41,184,1,190,36,0.41,86.45,191,165,0,Shortage,Medium,288.0,229.0,259.3333333333333,50.0,44.333333333333336,0.0,0.6666666666666666
2020-01-01,2020,1,Q1,Dell Inspiron 15,Delhi,15,242,249,62,8,2,59,197,1,242,73,2.52,83.12,267,249,0,Shortage,High,290.0,260.0,281.0,59.0,46.666666666666664,1.0,1.3333333333333333
2020-01-01,2020,1,Q1,Dell Inspiron 15,Mumbai,15,212,211,45,8,3,42,189,1,193,59,3.01,82.94,209,191,0,Shortage,High,298.0,257.0,268.6666666666667,83.0,65.0,2.0,2.6666666666666665
2020-01-01,2020,1,Q1,HP Pavilion 15,Bangalore,15,172,176,32,7,1,44,144,1,169,38,2.43,85.42,180,177,0,Shortage,Medium,248.0,209.0,213.66666666666666,63.0,38.666666666666664,1.0,1.3333333333333333
2020-01-01,2020,1,Q1,HP Pavilion 15,Delhi,15,210,218,51,6,3,43,168,1,199,64,2.62,79.18,201,178,0,Shortage,High,275.0,248.0,261.6666666666667,69.0,60.333333333333336,2.0,3.0
2020-01-01,2020,1,Q1,HP Pavilion 15,Mumbai,15,201,206,27,8,3,50,160,1,187,60,3.92,78.44,220,228,0,Shortage,High,251.0,226.0,239.33333333333334,69.0,52.333333333333336,2.0,2.6666666666666665
2020-01-01,2020,1,Q1,Lenovo IdeaPad Slim 3,Bangalore,15,202,234,54,6,2,40,158,1,200,56,2.98,79.23,225,196,0,Shortage,High,267.0,259.0,268.0,48.0,61.0,1.0,1.3333333333333333
2020-01-01,2020,1,Q1,Lenovo IdeaPad Slim 3,Delhi,15,249,248,61,7,1,56,208,1,256,71,0.78,89.38,246,226,0,Shortage,High,298.0,301.0,308.6666666666667,77.0,55.333333333333336,1.0,1.6666666666666667
2020-01-01,2020,1,Q1,Lenovo IdeaPad Slim 3,Mumbai,15,236,273,56,7,2,53,237,1,234,72,3.64,80.37,235,217,0,Shortage,High,291.0,266.0,288.3333333333333,39.0,55.0,3.0,2.3333333333333335
2020-02-01,2020,2,Q1,ASUS VivoBook 15,Bangalore,15,171,187,20,10,2,44,155,1,166,43,2.5,82.64,186,195,0,Shortage,High,165.0,224.0,211.66666666666666,14.0,30.0,3.0,2.6666666666666665
2020-02-01,2020,2,Q1,ASUS VivoBook 15,Delhi,15,196,187,28,7,1,55,159,1,182,39,1.68,82.6,206,218,0,Shortage,Medium,217.0,241.0,238.66666666666666,42.0,54.0,2.0,2.3333333333333335
2020-02-01,2020,2,Q1,ASUS VivoBook 15,Mumbai,15,175,189,33,7,4,51,171,1,179,55,3.56,80.71,167,170,0,Shortage,High,182.0,236.0,211.0,48.0,46.666666666666664,3.0,3.0
2020-02-01,2020,2,Q1,Acer Aspire 5,Bangalore,15,152,148,31,7,4,29,134,1,157,48,4.26,73.14,154,137,0,Shortage,High,167.0,192.0,193.66666666666666,28.0,22.666666666666668,5.0,4.666666666666667
2020-02-01,2020,2,Q1,Acer Aspire 5,Delhi,15,183,185,18,10,3,46,159,1,175,50,2.54,80.06,199,212,0,Shortage,High,185.0,235.0,215.66666666666666,29.0,50.333333333333336,3.0,3.3333333333333335
2020-02-01,2020,2,Q1,Acer Aspire 5,Mumbai,15,162,152,25,5,2,45,158,1,150,38,2.84,81.93,169,174,0,Shortage,High,167.0,201.0,200.66666666666666,16.0,18.333333333333332,4.0,4.666666666666667
2020-02-01,2020,2,Q1,Dell Inspiron 15,Bangalore,15,213,201,44,7,2,44,177,1,196,57,3.49,79.7,230,215,0,Shortage,High,194.0,261.0,247.66666666666666,52.0,45.0,0.0,0.3333333333333333
2020-02-01,2020,2,Q1,Dell Inspiron 15,Delhi,15,241,263,30,6,1,49,243,1,234,67,1.99,79.19,238,242,0,Shortage,High,242.0,293.0,275.0,62.0,50.666666666666664,2.0,1.3333333333333333
2020-02-01,2020,2,Q1,Dell Inspiron 15,Mumbai,15,224,210,22,6,3,45,219,1,232,73,3.66,78.19,227,235,0,Shortage,High,212.0,251.0,253.66666666666666,45.0,57.333333333333336,3.0,2.6666666666666665
2020-02-01,2020,2,Q1,HP Pavilion 15,Bangalore,15,177,158,23,8,1,40,172,1,159,34,2.17,85.68,189,191,0,Shortage,Medium,172.0,184.0,201.33333333333334,32.0,39.666666666666664,1.0,1.0
2020-02-01,2020,2,Q1,HP Pavilion 15,Delhi,15,193,180,19,6,3,56,172,1,175,48,3.02,83.92,203,225,0,Shortage,High,210.0,262.0,249.0,51.0,56.666666666666664,3.0,2.6666666666666665
2020-02-01,2020,2,Q1,HP Pavilion 15,Mumbai,15,189,199,35,5,3,45,150,1,180,54,3.62,76.18,180,175,0,Shortage,High,201.0,241.0,231.0,27.0,46.333333333333336,3.0,2.6666666666666665
2020-02-01,2020,2,Q1,Lenovo IdeaPad Slim 3,Bangalore,15,222,224,38,4,4,60,213,1,224,79,5.41,74.03,226,233,0,Shortage,High,202.0,278.0,249.0,54.0,62.0,2.0,1.3333333333333333
2020-02-01,2020,2,Q1,Lenovo IdeaPad Slim 3,Delhi,15,252,244,41,8,1,46,255,1,232,67,2.69,82.76,253,243,0,Shortage,High,249.0,327.0,291.3333333333333,61.0,58.666666666666664,1.0,1.0
2020-02-01,2020,2,Q1,Lenovo IdeaPad Slim 3,Mumbai,15,241,236,38,8,3,51,208,1,219,75,3.55,76.96,231,229,0,Shortage,High,236.0,308.0,278.3333333333333,56.0,58.0,2.0,2.0
2020-03-01,2020,3,Q1,ASUS VivoBook 15,Bangalore,15,169,181,29,8,3,43,160,1,156,43,3.76,80.84,180,179,0,Shortage,High,171.0,246.0,194.0,20.0,27.0,2.0,2.3333333333333335
2020-03-01,2020,3,Q1,ASUS VivoBook 15,Delhi,15,208,195,47,7,1,44,166,1,216,55,3.02,80.91,228,210,0,Shortage,High,196.0,258.0,223.66666666666666,28.0,41.333333333333336,1.0,1.6666666666666667
2020-03-01,2020,3,Q1,ASUS VivoBook 15,Mumbai,15,167,174,34,5,2,34,168,1,162,39,2.1,85.25,180,165,0,Shortage,High,175.0,215.0,190.66666666666666,33.0,42.333333333333336,4.0,3.0
2020-03-01,2020,3,Q1,Acer Aspire 5,Bangalore,15,165,164,20,9,5,30,139,1,162,57,5.04,78.12,177,172,0,Shortage,High,152.0,222.0,180.33333333333334,31.0,27.333333333333332,4.0,4.666666666666667
2020-03-01,2020,3,Q1,Acer Aspire 5,Delhi,15,173,158,31,7,3,50,149,1,154,43,4.49,76.42,180,184,0,Shortage,High,183.0,227.0,198.33333333333334,18.0,35.333333333333336,3.0,3.3333333333333335
2020-03-01,2020,3,Q1,Acer Aspire 5,Mumbai,15,166,161,27,9,2,32,153,1,157,40,2.13,87.94,166,156,0,Shortage,High,162.0,234.0,187.66666666666666,25.0,20.333333333333332,2.0,3.6666666666666665
2020-03-01,2020,3,Q1,Dell Inspiron 15,Bangalore,15,212,211,37,8,3,60,187,1,195,62,4.27,79.28,220,228,0,Shortage,High,213.0,288.0,231.66666666666666,44.0,48.666666666666664,2.0,0.6666666666666666
2020-03-01,2020,3,Q1,Dell Inspiron 15,Delhi,15,252,223,21,8,2,56,222,1,225,68,2.57,79.56,246,266,0,Shortage,High,241.0,290.0,257.6666666666667,30.0,50.333333333333336,1.0,1.3333333333333333
2020-03-01,2020,3,Q1,Dell Inspiron 15,Mumbai,15,219,242,62,7,3,45,217,1,215,67,4.53,81.59,236,204,0,Shortage,High,224.0,298.0,244.66666666666666,22.0,50.0,3.0,2.6666666666666665
2020-03-01,2020,3,Q1,HP Pavilion 15,Bangalore,15,183,159,20,8,2,46,143,1,162,39,3.4,76.9,204,215,0,Shortage,High,177.0,248.0,199.0,23.0,39.333333333333336,1.0,1.0
2020-03-01,2020,3,Q1,HP Pavilion 15,Delhi,15,194,182,42,8,3,54,195,1,179,58,4.21,78.87,207,204,0,Shortage,High,193.0,275.0,226.0,19.0,46.333333333333336,3.0,2.6666666666666665
2020-03-01,2020,3,Q1,HP Pavilion 15,Mumbai,15,189,174,18,6,3,44,182,1,178,56,4.52,76.39,185,196,0,Shortage,High,189.0,251.0,213.66666666666666,35.0,43.666666666666664,3.0,2.6666666666666665
2020-03-01,2020,3,Q1,Lenovo IdeaPad Slim 3,Bangalore,15,217,207,43,6,3,46,215,1,199,61,3.18,81.77,231,219,0,Shortage,High,222.0,267.0,230.33333333333334,38.0,46.666666666666664,4.0,2.3333333333333335
2020-03-01,2020,3,Q1,Lenovo IdeaPad Slim 3,Delhi,15,265,286,20,7,2,61,260,1,243,78,2.37,84.02,267,293,0,Shortage,High,252.0,298.0,266.3333333333333,41.0,59.666666666666664,1.0,1.0
2020-03-01,2020,3,Q1,Lenovo IdeaPad Slim 3,Mumbai,15,234,222,37,6,0,47,215,1,212,47,0.69,91.4,237,232,0,Shortage,Medium,241.0,291.0,256.0,38.0,44.333333333333336,3.0,2.6666666666666665
2020-04-01,2020,4,Q2,ASUS VivoBook 15,Bangalore,15,189,170,25,7,3,35,185,1,177,54,4.31,80.56,206,201,0,Shortage,High,169.0,165.0,168.33333333333334,29.0,21.0,3.0,2.6666666666666665
2020-04-01,2020,4,Q2,ASUS VivoBook 15,Delhi,15,191,188,32,6,1,48,153,1,186,48,1.7,83.24,208,209,0,Shortage,High,208.0,217.0,207.0,47.0,39.0,1.0,1.3333333333333333
2020-04-01,2020,4,Q2,ASUS VivoBook 15,Mumbai,15,196,203,42,5,3,47,191,1,203,61,3.21,77.84,201,191,0,Shortage,High,167.0,182.0,174.66666666666666,34.0,38.333333333333336,2.0,3.0
2020-04-01,2020,4,Q2,Acer Aspire 5,Bangalore,15,158,155,23,9,4,29,159,1,141,44,4.11,74.66,153,144,0,Shortage,High,165.0,167.0,161.33333333333334,20.0,26.333333333333332,5.0,4.666666666666667
2020-04-01,2020,4,Q2,Acer Aspire 5,Delhi,15,194,219,31,8,3,49,178,1,189,58,4.44,76.18,192,195,0,Shortage,High,173.0,185.0,180.33333333333334,31.0,26.0,3.0,3.0
2020-04-01,2020,4,Q2,Acer Aspire 5,Mumbai,15,178,167,11,7,2,41,161,1,181,47,1.9,84.56,171,186,0,Shortage,High,166.0,167.0,165.0,27.0,22.666666666666668,2.0,2.6666666666666665
2020-04-01,2020,4,Q2,Dell Inspiron 15,Bangalore,15,213,191,24,7,4,56,201,1,209,74,3.75,81.04,227,244,0,Shortage,High,212.0,194.0,206.33333333333334,37.0,44.333333333333336,3.0,1.6666666666666667
2020-04-01,2020,4,Q2,Dell Inspiron 15,Delhi,15,223,222,28,7,1,51,213,1,196,48,2.69,82.5,221,229,0,Shortage,High,252.0,242.0,245.0,21.0,37.666666666666664,2.0,1.6666666666666667
2020-04-01,2020,4,Q2,Dell Inspiron 15,Mumbai,15,221,203,37,8,3,50,205,1,198,63,3.37,79.98,217,215,0,Shortage,High,219.0,212.0,218.33333333333334,62.0,43.0,3.0,3.0
2020-04-01,2020,4,Q2,HP Pavilion 15,Bangalore,15,203,184,37,6,3,50,176,1,189,57,4.2,81.27,216,214,0,Shortage,High,183.0,172.0,177.33333333333334,20.0,25.0,2.0,1.3333333333333333
2020-04-01,2020,4,Q2,HP Pavilion 15,Delhi,15,227,208,18,7,5,49,201,1,207,79,4.57,74.57,238,254,0,Shortage,High,194.0,210.0,199.0,42.0,37.333333333333336,3.0,3.0
2020-04-01,2020,4,Q2,HP Pavilion 15,Mumbai,15,204,182,37,6,3,57,161,1,188,61,2.64,82.58,225,230,0,Shortage,High,189.0,201.0,193.0,18.0,26.666666666666668,3.0,3.0
2020-04-01,2020,4,Q2,Lenovo IdeaPad Slim 3,Bangalore,15,249,263,31,6,2,47,227,1,242,77,2.55,82.37,259,260,0,Shortage,High,217.0,202.0,213.66666666666666,43.0,45.0,3.0,3.0
2020-04-01,2020,4,Q2,Lenovo IdeaPad Slim 3,Delhi,15,255,251,48,7,2,76,222,1,245,78,2.3,78.18,286,299,0,Shortage,High,265.0,249.0,255.33333333333334,20.0,40.666666666666664,2.0,1.3333333333333333
2020-04-01,2020,4,Q2,Lenovo IdeaPad Slim 3,Mumbai,15,237,230,58,5,0,44,231,1,245,56,0.43,84.3,249,220,0,Shortage,Medium,234.0,236.0,237.0,37.0,43.666666666666664,0.0,1.6666666666666667
2020-05-01,2020,5,Q2,ASUS VivoBook 15,Bangalore,15,167,156,31,7,2,48,142,1,167,43,2.09,81.33,185,187,0,Shortage,High,189.0,171.0,176.33333333333334,25.0,24.666666666666668,3.0,2.6666666666666665
2020-05-01,2020,5,Q2,ASUS VivoBook 15,Delhi,15,185,181,44,7,1,50,175,1,167,41,2.41,83.19,194,185,0,Shortage,High,191.0,196.0,198.33333333333334,32.0,35.666666666666664,1.0,1.0
2020-05-01,2020,5,Q2,ASUS VivoBook 15,Mumbai,15,175,163,26,6,4,37,145,1,164,54,4.41,74.03,191,187,0,Shortage,High,196.0,175.0,179.33333333333334,42.0,36.333333333333336,3.0,3.0
2020-05-01,2020,5,Q2,Acer Aspire 5,Bangalore,15,170,180,38,8,5,45,137,1,169,62,4.9,75.28,182,174,0,Shortage,High,158.0,152.0,158.33333333333334,23.0,24.666666666666668,4.0,4.333333333333333
2020-05-01,2020,5,Q2,Acer Aspire 5,Delhi,15,205,194,41,10,3,58,167,1,202,65,3.91,80.47,228,230,0,Shortage,High,194.0,183.0,183.33333333333334,31.0,26.666666666666668,3.0,3.0
2020-05-01,2020,5,Q2,Acer Aspire 5,Mumbai,15,175,156,40,9,3,35,139,1,178,50,3.12,78.07,191,171,0,Shortage,High,178.0,162.0,168.66666666666666,11.0,21.0,2.0,2.0
2020-05-01,2020,5,Q2,Dell Inspiron 15,Bangalore,15,194,207,26,6,6,48,190,1,173,64,6.0,68.12,198,205,0,Shortage,High,213.0,213.0,212.66666666666666,24.0,35.0,4.0,3.0
2020-05-01,2020,5,Q2,Dell Inspiron 15,Delhi,15,246,261,49,5,2,59,216,1,223,71,3.29,77.18,247,242,0,Shortage,High,223.0,241.0,238.66666666666666,28.0,26.333333333333332,1.0,1.3333333333333333
2020-05-01,2020,5,Q2,Dell Inspiron 15,Mumbai,15,222,226,46,6,3,65,177,1,223,73,3.62,75.98,219,223,0,Shortage,High,221.0,224.0,221.33333333333334,37.0,40.333333333333336,3.0,3.0
2020-05-01,2020,5,Q2,HP Pavilion 15,Bangalore,15,178,186,24,7,1,42,143,1,168,40,1.87,86.62,175,178,0,Shortage,Medium,203.0,177.0,187.66666666666666,37.0,26.666666666666668,3.0,2.0
2020-05-01,2020,5,Q2,HP Pavilion 15,Delhi,15,235,225,41,9,3,56,207,1,228,76,2.87,78.09,245,245,0,Shortage,High,227.0,193.0,204.66666666666666,18.0,26.333333333333332,5.0,3.6666666666666665
2020-05-01,2020,5,Q2,HP Pavilion 15,Mumbai,15,211,216,34,7,3,56,193,1,206,63,3.46,83.93,210,217,0,Shortage,High,204.0,189.0,194.0,37.0,30.0,3.0,3.0
2020-05-01,2020,5,Q2,Lenovo IdeaPad Slim 3,Bangalore,15,237,247,30,8,4,49,193,1,234,88,4.01,76.13,256,260,0,Shortage,High,249.0,222.0,229.33333333333334,31.0,37.333333333333336,2.0,3.0
2020-05-01,2020,5,Q2,Lenovo IdeaPad Slim 3,Delhi,15,271,283,56,8,2,55,229,1,252,86,3.81,77.14,277,261,0,Shortage,High,255.0,252.0,257.3333333333333,48.0,36.333333333333336,2.0,1.6666666666666667
2020-05-01,2020,5,Q2,Lenovo IdeaPad Slim 3,Mumbai,15,254,247,38,6,1,70,199,1,256,76,1.25,86.61,270,287,0,Shortage,High,237.0,241.0,237.33333333333334,58.0,44.333333333333336,0.0,1.0
2020-06-01,2020,6,Q2,ASUS VivoBook 15,Bangalore,15,178,192,13,8,2,47,152,1,163,41,2.44,81.83,174,193,0,Shortage,High,167.0,169.0,175.0,31.0,28.333333333333332,2.0,2.6666666666666665
2020-06-01,2020,6,Q2,ASUS VivoBook 15,Delhi,15,196,193,46,7,1,43,182,1,202,50,2.18,80.95,189,171,0,Shortage,High,185.0,208.0,194.66666666666666,44.0,41.0,1.0,1.0
2020-06-01,2020,6,Q2,ASUS VivoBook 15,Mumbai,15,174,187,29,7,3,34,144,1,171,53,4.0,77.48,176,166,0,Shortage,High,175.0,167.0,179.33333333333334,26.0,34.0,4.0,3.0
2020-06-01,2020,6,Q2,Acer Aspire 5,Bangalore,15,170,139,31,8,4,42,164,1,161,51,4.78,76.89,184,180,0,Shortage,High,170.0,165.0,164.33333333333334,38.0,27.0,5.0,4.666666666666667
2020-06-01,2020,6,Q2,Acer Aspire 5,Delhi,15,183,173,38,7,4,36,185,1,177,59,4.86,75.15,190,173,0,Shortage,High,205.0,173.0,190.66666666666666,41.0,34.333333333333336,3.0,3.0
2020-06-01,2020,6,Q2,Acer Aspire 5,Mumbai,15,170,156,44,6,3,46,157,1,157,42,3.17,80.72,183,170,0,Shortage,High,175.0,166.0,173.0,40.0,26.0,3.0,2.3333333333333335
2020-06-01,2020,6,Q2,Dell Inspiron 15,Bangalore,15,202,210,32,5,4,44,186,1,208,71,4.21,74.63,199,196,0,Shortage,High,194.0,212.0,206.33333333333334,26.0,29.0,6.0,4.333333333333333
2020-06-01,2020,6,Q2,Dell Inspiron 15,Delhi,15,225,206,47,8,4,49,217,1,198,73,4.47,73.81,228,215,0,Shortage,High,246.0,252.0,240.33333333333334,49.0,32.666666666666664,2.0,1.6666666666666667
2020-06-01,2020,6,Q2,Dell Inspiron 15,Mumbai,15,207,250,36,7,4,62,174,1,202,67,3.19,81.5,224,235,0,Shortage,High,222.0,219.0,220.66666666666666,46.0,48.333333333333336,3.0,3.0
2020-06-01,2020,6,Q2,HP Pavilion 15,Bangalore,15,171,179,22,9,4,48,133,1,157,47,4.38,79.73,175,186,0,Shortage,High,178.0,183.0,188.0,24.0,27.0,1.0,2.0
2020-06-01,2020,6,Q2,HP Pavilion 15,Delhi,15,210,215,36,8,2,41,190,1,206,57,2.88,81.44,201,191,0,Shortage,High,235.0,194.0,218.66666666666666,41.0,33.666666666666664,3.0,3.6666666666666665
2020-06-01,2020,6,Q2,HP Pavilion 15,Mumbai,15,196,197,56,5,2,56,153,1,203,56,2.67,82.75,211,196,0,Shortage,High,211.0,189.0,201.33333333333334,34.0,29.666666666666668,3.0,3.0
2020-06-01,2020,6,Q2,Lenovo IdeaPad Slim 3,Bangalore,15,228,219,35,7,2,52,180,1,235,68,2.67,83.3,224,226,0,Shortage,High,237.0,217.0,234.33333333333334,30.0,34.666666666666664,4.0,3.0
2020-06-01,2020,6,Q2,Lenovo IdeaPad Slim 3,Delhi,15,256,258,37,7,1,56,210,1,251,70,2.83,81.33,247,251,0,Shortage,High,271.0,265.0,263.6666666666667,56.0,41.333333333333336,2.0,2.0
2020-06-01,2020,6,Q2,Lenovo IdeaPad Slim 3,Mumbai,15,247,249,37,6,1,53,215,1,224,59,2.28,86.48,248,249,0,Shortage,High,254.0,234.0,241.66666666666666,38.0,44.333333333333336,1.0,0.3333333333333333
2020-07-01,2020,7,Q3,ASUS VivoBook 15,Bangalore,15,171,178,35,7,3,33,146,1,171,47,3.96,78.63,168,151,0,Shortage,High,178.0,189.0,178.0,13.0,23.0,2.0,2.3333333333333335
2020-07-01,2020,7,Q3,ASUS VivoBook 15,Delhi,15,198,208,29,8,3,47,190,1,204,63,3.08,82.91,219,222,0,Shortage,High,196.0,191.0,190.66666666666666,46.0,40.666666666666664,1.0,1.0
2020-07-01,2020,7,Q3,ASUS VivoBook 15,Mumbai,15,218,227,33,7,4,40,220,1,195,71,4.54,77.18,228,220,0,Shortage,High,174.0,196.0,181.66666666666666,29.0,32.333333333333336,3.0,3.3333333333333335
2020-07-01,2020,7,Q3,Acer Aspire 5,Bangalore,15,178,171,23,7,5,38,152,1,177,64,5.2,77.39,193,193,0,Shortage,High,170.0,158.0,166.0,31.0,30.666666666666668,4.0,4.333333333333333
2020-07-01,2020,7,Q3,Acer Aspire 5,Delhi,15,213,201,14,8,3,64,177,1,214,72,2.49,81.95,203,238,0,Shortage,High,183.0,194.0,194.0,38.0,36.666666666666664,4.0,3.3333333333333335
2020-07-01,2020,7,Q3,Acer Aspire 5,Mumbai,15,178,187,17,8,4,52,171,1,167,55,4.38,79.66,179,199,0,Shortage,High,170.0,178.0,174.33333333333334,44.0,31.666666666666668,3.0,2.6666666666666665
2020-07-01,2020,7,Q3,Dell Inspiron 15,Bangalore,15,204,210,52,7,2,56,207,1,201,55,2.2,79.78,222,211,0,Shortage,High,202.0,213.0,203.0,32.0,27.333333333333332,4.0,4.666666666666667
2020-07-01,2020,7,Q3,Dell Inspiron 15,Delhi,15,257,242,36,7,4,67,228,1,252,97,4.08,76.2,268,284,0,Shortage,High,225.0,223.0,231.33333333333334,47.0,41.333333333333336,4.0,2.3333333333333335
2020-07-01,2020,7,Q3,Dell Inspiron 15,Mumbai,15,222,216,40,7,2,64,201,1,211,61,2.54,84.06,211,220,0,Shortage,High,207.0,221.0,216.66666666666666,36.0,39.666666666666664,4.0,3.3333333333333335
2020-07-01,2020,7,Q3,HP Pavilion 15,Bangalore,15,181,187,24,8,6,47,168,1,175,67,4.57,75.29,178,186,0,Shortage,High,171.0,203.0,184.0,22.0,27.666666666666668,4.0,2.6666666666666665
2020-07-01,2020,7,Q3,HP Pavilion 15,Delhi,15,244,253,33,8,2,57,200,1,240,72,2.43,83.96,234,243,0,Shortage,High,210.0,227.0,224.0,36.0,31.666666666666668,2.0,3.3333333333333335
2020-07-01,2020,7,Q3,HP Pavilion 15,Mumbai,15,190,191,29,9,2,35,181,1,183,53,3.52,83.16,186,177,0,Shortage,High,196.0,204.0,203.66666666666666,56.0,42.333333333333336,2.0,2.6666666666666665
2020-07-01,2020,7,Q3,Lenovo IdeaPad Slim 3,Bangalore,15,240,243,58,7,1,51,211,1,233,59,2.39,82.51,241,219,0,Shortage,High,228.0,249.0,238.0,35.0,32.0,2.0,2.6666666666666665
2020-07-01,2020,7,Q3,Lenovo IdeaPad Slim 3,Delhi,15,281,253,45,6,3,62,282,1,262,92,3.51,79.45,311,313,0,Shortage,High,256.0,255.0,260.6666666666667,37.0,47.0,1.0,1.6666666666666667
2020-07-01,2020,7,Q3,Lenovo IdeaPad Slim 3,Mumbai,15,253,258,55,7,1,53,227,1,227,62,2.4,86.37,249,232,0,Shortage,High,247.0,237.0,246.0,37.0,44.333333333333336,1.0,0.6666666666666666
2020-08-01,2020,8,Q3,ASUS VivoBook 15,Bangalore,15,181,178,25,8,2,39,163,1,168,44,2.83,82.57,186,185,0,Shortage,High,171.0,167.0,172.0,35.0,26.333333333333332,3.0,2.3333333333333335
2020-08-01,2020,8,Q3,ASUS VivoBook 15,Delhi,15,191,164,39,7,4,40,159,1,168,57,5.61,74.41,196,182,0,Shortage,High,198.0,185.0,193.0,29.0,39.666666666666664,3.0,1.6666666666666667
2020-08-01,2020,8,Q3,ASUS VivoBook 15,Mumbai,15,205,206,45,6,5,46,164,1,209,81,5.01,71.14,228,214,0,Shortage,High,218.0,175.0,189.0,33.0,29.333333333333332,4.0,3.6666666666666665
2020-08-01,2020,8,Q3,Acer Aspire 5,Bangalore,15,167,157,33,8,5,36,133,1,158,59,4.47,78.84,180,168,0,Shortage,High,178.0,170.0,172.66666666666666,23.0,30.666666666666668,5.0,4.666666666666667
2020-08-01,2020,8,Q3,Acer Aspire 5,Delhi,15,201,184,37,9,4,38,186,1,204,67,4.12,76.83,196,182,0,Shortage,High,213.0,205.0,200.33333333333334,14.0,31.0,3.0,3.3333333333333335
2020-08-01,2020,8,Q3,Acer Aspire 5,Mumbai,15,177,159,15,8,3,41,168,1,167,48,3.83,76.69,170,181,0,Shortage,High,178.0,175.0,174.33333333333334,17.0,33.666666666666664,4.0,3.3333333333333335
2020-08-01,2020,8,Q3,Dell Inspiron 15,Bangalore,15,191,192,33,9,3,45,167,1,171,52,4.15,73.4,184,181,0,Shortage,High,204.0,194.0,200.0,52.0,36.666666666666664,2.0,4.0
2020-08-01,2020,8,Q3,Dell Inspiron 15,Delhi,15,254,277,39,6,4,68,212,1,243,91,3.85,78.58,259,273,0,Shortage,High,257.0,246.0,242.66666666666666,36.0,44.0,4.0,3.3333333333333335
2020-08-01,2020,8,Q3,Dell Inspiron 15,Mumbai,15,232,213,52,6,3,53,209,1,229,76,3.38,80.04,259,245,0,Shortage,High,222.0,222.0,217.0,40.0,40.666666666666664,2.0,3.0
2020-08-01,2020,8,Q3,HP Pavilion 15,Bangalore,15,191,196,31,7,4,47,171,1,195,68,3.4,79.71,212,213,0,Shortage,High,181.0,178.0,176.66666666666666,24.0,23.333333333333332,6.0,3.6666666666666665
2020-08-01,2020,8,Q3,HP Pavilion 15,Delhi,15,249,238,61,7,4,60,212,1,231,87,4.34,76.74,249,233,0,Shortage,High,244.0,235.0,229.66666666666666,33.0,36.666666666666664,2.0,2.3333333333333335
2020-08-01,2020,8,Q3,HP Pavilion 15,Mumbai,15,235,232,64,6,2,56,193,1,233,70,2.5,82.18,235,212,0,Shortage,High,190.0,211.0,199.0,29.0,39.666666666666664,2.0,2.3333333333333335
2020-08-01,2020,8,Q3,Lenovo IdeaPad Slim 3,Bangalore,15,242,224,43,8,3,64,219,1,227,76,3.93,76.62,246,252,0,Shortage,High,240.0,237.0,235.0,58.0,41.0,1.0,2.3333333333333335
2020-08-01,2020,8,Q3,Lenovo IdeaPad Slim 3,Delhi,15,290,276,40,6,3,87,230,1,262,99,2.13,81.31,288,320,0,Shortage,High,281.0,271.0,269.3333333333333,45.0,46.0,3.0,2.0
2020-08-01,2020,8,Q3,Lenovo IdeaPad Slim 3,Mumbai,15,260,266,27,5,2,55,231,1,270,86,1.81,81.36,271,284,0,Shortage,High,253.0,254.0,251.33333333333334,55.0,43.333333333333336,1.0,1.0
2020-09-01,2020,9,Q3,ASUS VivoBook 15,Bangalore,15,178,187,21,7,2,46,149,1,174,43,3.18,81.71,183,193,0,Shortage,High,181.0,178.0,176.66666666666666,25.0,24.333333333333332,2.0,2.3333333333333335
2020-09-01,2020,9,Q3,ASUS VivoBook 15,Delhi,15,184,193,26,9,4,41,149,1,187,63,4.52,81.11,181,181,0,Shortage,High,191.0,196.0,195.0,39.0,38.0,4.0,2.6666666666666665
2020-09-01,2020,9,Q3,ASUS VivoBook 15,Mumbai,15,204,195,39,8,5,44,206,1,185,69,5.45,76.23,202,192,0,Shortage,High,205.0,174.0,199.0,45.0,35.666666666666664,5.0,4.0
2020-09-01,2020,9,Q3,Acer Aspire 5,Bangalore,15,172,166,37,8,3,43,169,1,170,51,3.07,81.25,167,158,0,Shortage,High,167.0,170.0,171.66666666666666,33.0,29.0,5.0,4.666666666666667
2020-09-01,2020,9,Q3,Acer Aspire 5,Delhi,15,191,164,41,6,3,40,190,1,196,61,3.46,77.85,203,187,0,Shortage,High,201.0,183.0,199.0,37.0,29.666666666666668,4.0,3.6666666666666665
2020-09-01,2020,9,Q3,Acer Aspire 5,Mumbai,15,174,164,18,7,3,45,144,1,179,51,4.02,83.08,185,197,0,Shortage,High,177.0,170.0,175.0,15.0,25.333333333333332,3.0,3.3333333333333335
2020-09-01,2020,9,Q3,Dell Inspiron 15,Bangalore,15,221,221,49,6,3,52,200,1,197,60,3.15,81.62,230,218,0,Shortage,High,191.0,202.0,199.0,33.0,39.0,3.0,3.0
2020-09-01,2020,9,Q3,Dell Inspiron 15,Delhi,15,237,244,41,7,5,69,194,1,219,79,4.86,76.3,248,261,0,Shortage,High,254.0,225.0,245.33333333333334,39.0,40.666666666666664,4.0,4.0
2020-09-01,2020,9,Q3,Dell Inspiron 15,Mumbai,15,241,235,28,7,2,49,217,1,230,71,3.27,81.82,233,239,0,Shortage,High,232.0,207.0,220.33333333333334,52.0,42.666666666666664,3.0,3.0
2020-09-01,2020,9,Q3,HP Pavilion 15,Bangalore,15,208,206,46,8,3,55,185,1,199,63,3.9,77.1,209,203,0,Shortage,High,191.0,171.0,181.0,31.0,25.666666666666668,4.0,4.666666666666667
2020-09-01,2020,9,Q3,HP Pavilion 15,Delhi,15,212,216,50,9,2,59,197,1,188,52,2.44,84.04,211,205,0,Shortage,High,249.0,210.0,234.33333333333334,61.0,43.333333333333336,4.0,2.6666666666666665
2020-09-01,2020,9,Q3,HP Pavilion 15,Mumbai,15,206,211,26,8,3,53,178,1,190,62,4.15,80.95,225,237,0,Shortage,High,235.0,196.0,207.0,64.0,49.666666666666664,2.0,2.0
2020-09-01,2020,9,Q3,Lenovo IdeaPad Slim 3,Bangalore,15,250,263,39,7,2,51,206,1,254,81,3.07,83.2,251,248,0,Shortage,High,242.0,228.0,236.66666666666666,43.0,45.333333333333336,3.0,2.0
2020-09-01,2020,9,Q3,Lenovo IdeaPad Slim 3,Delhi,15,269,300,57,5,4,72,227,1,265,101,4.22,77.05,295,295,0,Shortage,High,290.0,256.0,275.6666666666667,40.0,40.666666666666664,3.0,2.3333333333333335
2020-09-01,2020,9,Q3,Lenovo IdeaPad Slim 3,Mumbai,15,265,260,46,6,2,74,262,1,241,78,3.33,79.63,254,267,0,Shortage,High,260.0,247.0,253.33333333333334,27.0,39.666666666666664,2.0,1.3333333333333333
2020-10-01,2020,10,Q4,ASUS VivoBook 15,Bangalore,15,180,176,38,8,3,46,142,1,169,51,3.81,78.84,183,176,0,Shortage,High,178.0,171.0,176.66666666666666,21.0,27.0,2.0,2.3333333333333335
2020-10-01,2020,10,Q4,ASUS VivoBook 15,Delhi,15,230,217,44,7,4,44,234,1,224,83,3.82,80.48,228,213,0,Shortage,High,184.0,198.0,191.0,26.0,31.333333333333332,4.0,3.6666666666666665
2020-10-01,2020,10,Q4,ASUS VivoBook 15,Mumbai,15,216,210,22,7,5,64,189,1,197,73,4.53,73.86,220,247,0,Shortage,High,204.0,218.0,209.0,39.0,39.0,5.0,4.666666666666667
2020-10-01,2020,10,Q4,Acer Aspire 5,Bangalore,15,181,158,39,8,2,50,184,1,181,48,1.97,83.69,189,185,0,Shortage,High,172.0,178.0,172.33333333333334,37.0,31.0,3.0,4.333333333333333
2020-10-01,2020,10,Q4,Acer Aspire 5,Delhi,15,215,199,46,8,4,61,183,1,194,74,5.22,74.91,228,228,0,Shortage,High,191.0,213.0,201.66666666666666,41.0,30.666666666666668,3.0,3.3333333333333335
2020-10-01,2020,10,Q4,Acer Aspire 5,Mumbai,15,192,187,27,8,5,46,153,1,192,69,5.02,75.83,204,208,0,Shortage,High,174.0,178.0,176.33333333333334,18.0,16.666666666666668,3.0,3.3333333333333335
2020-10-01,2020,10,Q4,Dell Inspiron 15,Bangalore,15,238,257,28,6,3,71,241,1,213,73,3.31,79.41,241,269,0,Shortage,High,221.0,204.0,205.33333333333334,49.0,44.666666666666664,3.0,2.6666666666666665
2020-10-01,2020,10,Q4,Dell Inspiron 15,Delhi,15,267,228,48,9,3,78,269,1,266,95,3.7,79.37,266,281,0,Shortage,High,237.0,257.0,249.33333333333334,41.0,38.666666666666664,5.0,4.333333333333333
2020-10-01,2020,10,Q4,Dell Inspiron 15,Mumbai,15,259,252,49,6,3,51,253,1,245,84,3.8,78.21,247,234,0,Shortage,High,241.0,222.0,231.66666666666666,28.0,40.0,2.0,2.3333333333333335
2020-10-01,2020,10,Q4,HP Pavilion 15,Bangalore,15,232,243,33,8,2,56,190,1,236,73,2.54,79.63,226,234,0,Shortage,High,208.0,181.0,193.33333333333334,46.0,33.666666666666664,3.0,4.333333333333333
2020-10-01,2020,10,Q4,HP Pavilion 15,Delhi,15,232,223,25,9,3,43,188,1,223,74,4.33,75.83,248,251,0,Shortage,High,212.0,244.0,235.0,50.0,48.0,2.0,2.6666666666666665
2020-10-01,2020,10,Q4,HP Pavilion 15,Mumbai,15,232,241,56,8,2,55,226,1,226,67,3.34,77.77,244,228,0,Shortage,High,206.0,190.0,210.33333333333334,26.0,39.666666666666664,3.0,2.3333333333333335
2020-10-01,2020,10,Q4,Lenovo IdeaPad Slim 3,Bangalore,15,292,293,81,7,1,71,272,1,275,84,1.7,82.83,300,275,0,Shortage,High,250.0,240.0,244.0,39.0,46.666666666666664,2.0,2.0
2020-10-01,2020,10,Q4,Lenovo IdeaPad Slim 3,Delhi,15,328,324,78,7,3,68,320,1,301,117,4.15,78.75,335,310,0,Shortage,High,269.0,281.0,280.0,57.0,47.333333333333336,4.0,3.3333333333333335
2020-10-01,2020,10,Q4,Lenovo IdeaPad Slim 3,Mumbai,15,268,283,40,4,1,80,240,1,275,79,2.92,80.96,287,312,0,Shortage,High,265.0,253.0,259.3333333333333,46.0,42.666666666666664,2.0,1.6666666666666667
2020-11-01,2020,11,Q4,ASUS VivoBook 15,Bangalore,15,203,186,41,6,2,54,168,1,199,54,3.45,80.54,213,211,0,Shortage,High,180.0,181.0,179.66666666666666,38.0,28.0,3.0,2.3333333333333335
2020-11-01,2020,11,Q4,ASUS VivoBook 15,Delhi,15,234,220,29,8,2,46,222,1,241,70,3.04,80.21,232,234,0,Shortage,High,230.0,191.0,201.66666666666666,44.0,36.333333333333336,4.0,4.0
2020-11-01,2020,11,Q4,ASUS VivoBook 15,Mumbai,15,232,233,26,9,3,68,195,1,206,66,3.55,82.24,236,263,0,Shortage,High,216.0,205.0,208.33333333333334,22.0,35.333333333333336,5.0,5.0
2020-11-01,2020,11,Q4,Acer Aspire 5,Bangalore,15,192,187,32,7,3,50,162,1,175,54,4.24,75.95,207,210,0,Shortage,High,181.0,167.0,173.33333333333334,39.0,36.333333333333336,2.0,3.3333333333333335
2020-11-01,2020,11,Q4,Acer Aspire 5,Delhi,15,238,253,65,7,4,68,238,1,238,89,5.32,76.08,233,221,0,Shortage,High,215.0,201.0,202.33333333333334,46.0,41.333333333333336,4.0,3.6666666666666665
2020-11-01,2020,11,Q4,Acer Aspire 5,Mumbai,15,223,233,37,8,3,58,219,1,227,74,4.32,76.96,249,255,0,Shortage,High,192.0,177.0,181.0,27.0,20.0,5.0,3.6666666666666665
2020-11-01,2020,11,Q4,Dell Inspiron 15,Bangalore,15,242,209,32,7,3,60,203,1,226,76,3.39,77.88,269,282,0,Shortage,High,238.0,191.0,216.66666666666666,28.0,36.666666666666664,3.0,3.0
2020-11-01,2020,11,Q4,Dell Inspiron 15,Delhi,15,277,261,54,7,2,62,269,1,254,85,3.2,80.9,269,262,0,Shortage,High,267.0,254.0,252.66666666666666,48.0,42.666666666666664,3.0,4.0
2020-11-01,2020,11,Q4,Dell Inspiron 15,Mumbai,15,287,302,37,7,2,69,280,1,296,95,3.37,72.82,314,331,0,Shortage,High,259.0,232.0,244.0,49.0,43.0,3.0,2.6666666666666665
2020-11-01,2020,11,Q4,HP Pavilion 15,Bangalore,15,212,213,32,8,2,56,199,1,209,60,3.11,79.21,220,229,0,Shortage,High,232.0,191.0,210.33333333333334,33.0,36.666666666666664,2.0,3.0
2020-11-01,2020,11,Q4,HP Pavilion 15,Delhi,15,254,218,39,5,3,75,221,1,242,83,4.06,77.97,272,293,0,Shortage,High,232.0,249.0,231.0,25.0,45.333333333333336,3.0,3.0
2020-11-01,2020,11,Q4,HP Pavilion 15,Mumbai,15,241,252,21,5,3,68,199,1,240,82,3.49,79.47,234,266,0,Shortage,High,232.0,235.0,224.33333333333334,56.0,48.666666666666664,2.0,2.3333333333333335
2020-11-01,2020,11,Q4,Lenovo IdeaPad Slim 3,Bangalore,15,282,286,42,5,1,84,224,1,276,88,3.06,79.82,295,322,0,Shortage,High,292.0,242.0,261.3333333333333,81.0,54.333333333333336,1.0,2.0
2020-11-01,2020,11,Q4,Lenovo IdeaPad Slim 3,Delhi,15,310,299,26,6,4,60,272,1,313,115,4.12,78.36,300,319,0,Shortage,High,328.0,290.0,295.6666666666667,78.0,58.333333333333336,3.0,3.3333333333333335
2020-11-01,2020,11,Q4,Lenovo IdeaPad Slim 3,Mumbai,15,304,321,66,9,0,74,241,1,269,76,1.98,83.26,296,289,0,Shortage,Medium,268.0,260.0,264.3333333333333,40.0,37.666666666666664,1.0,1.6666666666666667
2020-12-01,2020,12,Q4,ASUS VivoBook 15,Bangalore,15,231,221,56,7,1,42,191,1,217,60,1.68,83.06,243,214,0,Shortage,High,203.0,178.0,187.0,41.0,33.333333333333336,2.0,2.3333333333333335
2020-12-01,2020,12,Q4,ASUS VivoBook 15,Delhi,15,281,297,88,6,2,67,223,1,292,93,2.47,83.29,310,274,0,Shortage,High,234.0,184.0,216.0,29.0,33.0,2.0,3.3333333333333335
2020-12-01,2020,12,Q4,ASUS VivoBook 15,Mumbai,15,221,233,55,7,3,47,215,1,197,66,3.93,78.56,234,211,0,Shortage,High,232.0,204.0,217.33333333333334,26.0,29.0,3.0,4.333333333333333
2020-12-01,2020,12,Q4,Acer Aspire 5,Bangalore,15,221,212,41,8,4,63,197,1,223,78,4.34,74.76,231,238,0,Shortage,High,192.0,172.0,181.66666666666666,32.0,36.0,3.0,2.6666666666666665
2020-12-01,2020,12,Q4,Acer Aspire 5,Delhi,15,216,220,24,8,3,41,193,1,218,70,3.61,78.68,237,239,0,Shortage,High,238.0,191.0,214.66666666666666,65.0,50.666666666666664,4.0,3.6666666666666665
2020-12-01,2020,12,Q4,Acer Aspire 5,Mumbai,15,225,193,45,8,3,60,228,1,206,66,3.87,77.85,216,216,0,Shortage,High,223.0,174.0,196.33333333333334,37.0,27.333333333333332,3.0,3.6666666666666665
2020-12-01,2020,12,Q4,Dell Inspiron 15,Bangalore,15,270,268,60,7,2,60,216,1,255,81,2.86,82.02,258,243,0,Shortage,High,242.0,221.0,233.66666666666666,32.0,36.333333333333336,3.0,3.0
2020-12-01,2020,12,Q4,Dell Inspiron 15,Delhi,15,315,308,38,8,2,71,318,1,322,113,2.91,83.17,338,356,0,Shortage,High,277.0,237.0,260.3333333333333,54.0,47.666666666666664,2.0,3.3333333333333335
2020-12-01,2020,12,Q4,Dell Inspiron 15,Mumbai,15,274,249,30,7,3,61,248,1,264,93,4.24,77.87,273,289,0,Shortage,High,287.0,241.0,262.3333333333333,37.0,38.0,2.0,2.3333333333333335
2020-12-01,2020,12,Q4,HP Pavilion 15,Bangalore,15,218,238,51,7,1,48,219,1,193,50,2.27,83.88,243,225,0,Shortage,High,212.0,208.0,217.33333333333334,32.0,37.0,2.0,2.3333333333333335
2020-12-01,2020,12,Q4,HP Pavilion 15,Delhi,15,302,293,48,7,3,65,253,1,306,115,3.74,78.71,301,303,0,Shortage,High,254.0,212.0,232.66666666666666,39.0,38.0,3.0,2.6666666666666665
2020-12-01,2020,12,Q4,HP Pavilion 15,Mumbai,15,262,263,64,7,3,78,238,1,259,91,3.27,74.55,260,259,0,Shortage,High,241.0,206.0,226.33333333333334,21.0,34.333333333333336,3.0,2.6666666666666665
2020-12-01,2020,12,Q4,Lenovo IdeaPad Slim 3,Bangalore,15,295,277,73,7,1,80,249,1,304,93,2.8,85.43,319,311,0,Shortage,High,282.0,250.0,274.6666666666667,42.0,54.0,1.0,1.3333333333333333
2020-12-01,2020,12,Q4,Lenovo IdeaPad Slim 3,Delhi,15,350,397,55,6,5,87,280,1,347,128,5.08,76.24,359,376,0,Shortage,High,310.0,269.0,302.3333333333333,26.0,53.666666666666664,4.0,3.6666666666666665
2020-12-01,2020,12,Q4,Lenovo IdeaPad Slim 3,Mumbai,15,327,306,52,7,2,96,259,1,308,111,2.3,82.64,332,361,0,Shortage,High,304.0,265.0,279.0,66.0,50.666666666666664,0.0,1.0
2021-01-01,2021,1,Q1,ASUS VivoBook 15,Bangalore,15,160,161,33,7,2,30,163,1,155,37,2.34,86.08,152,134,0,Shortage,High,231.0,180.0,204.66666666666666,56.0,45.0,1.0,2.0
2021-01-01,2021,1,Q1,ASUS VivoBook 15,Delhi,15,169,183,47,6,1,41,159,1,155,35,2.11,82.27,185,164,0,Shortage,Medium,281.0,230.0,248.33333333333334,88.0,53.666666666666664,2.0,2.6666666666666665
2021-01-01,2021,1,Q1,ASUS VivoBook 15,Mumbai,15,174,169,38,6,2,33,150,1,176,42,2.36,81.17,193,173,0,Shortage,High,221.0,216.0,223.0,55.0,34.333333333333336,3.0,3.6666666666666665
2021-01-01,2021,1,Q1,Acer Aspire 5,Bangalore,15,138,134,7,8,3,27,115,1,139,36,4.2,80.9,139,144,0,Shortage,High,221.0,181.0,198.0,41.0,37.333333333333336,4.0,3.0
2021-01-01,2021,1,Q1,Acer Aspire 5,Delhi,15,174,163,34,7,2,50,176,1,162,39,2.76,84.51,178,179,0,Shortage,High,216.0,215.0,223.0,24.0,45.0,3.0,3.6666666666666665
2021-01-01,2021,1,Q1,Acer Aspire 5,Mumbai,15,157,130,27,5,3,45,158,1,152,41,3.84,78.57,160,163,0,Shortage,High,225.0,192.0,213.33333333333334,45.0,36.333333333333336,3.0,3.6666666666666665
2021-01-01,2021,1,Q1,Dell Inspiron 15,Bangalore,15,199,182,37,7,3,37,164,1,185,59,3.34,78.83,214,199,0,Shortage,High,270.0,238.0,250.0,60.0,40.0,2.0,2.6666666666666665
2021-01-01,2021,1,Q1,Dell Inspiron 15,Delhi,15,226,220,50,5,2,60,196,1,233,67,2.06,81.09,222,217,0,Shortage,High,315.0,267.0,286.3333333333333,38.0,46.666666666666664,2.0,2.3333333333333335
2021-01-01,2021,1,Q1,Dell Inspiron 15,Mumbai,15,214,190,27,9,3,39,171,1,213,68,3.77,81.22,217,214,0,Shortage,High,274.0,259.0,273.3333333333333,30.0,38.666666666666664,3.0,2.6666666666666665
2021-01-01,2021,1,Q1,HP Pavilion 15,Bangalore,15,196,200,50,7,1,43,196,1,187,46,2.27,82.83,203,181,0,Shortage,High,218.0,232.0,220.66666666666666,51.0,38.666666666666664,1.0,1.6666666666666667
2021-01-01,2021,1,Q1,HP Pavilion 15,Delhi,15,200,233,38,8,3,55,181,1,193,59,3.72,77.59,220,222,0,Shortage,High,302.0,232.0,262.6666666666667,48.0,37.333333333333336,3.0,3.0
2021-01-01,2021,1,Q1,HP Pavilion 15,Mumbai,15,199,192,28,7,3,53,161,1,192,58,3.71,80.52,216,226,0,Shortage,High,262.0,232.0,245.0,64.0,47.0,3.0,2.6666666666666665
2021-01-01,2021,1,Q1,Lenovo IdeaPad Slim 3,Bangalore,15,212,205,50,6,0,44,200,1,212,43,1.83,86.31,231,210,0,Shortage,Medium,295.0,292.0,289.6666666666667,73.0,65.33333333333333,1.0,1.0
2021-01-01,2021,1,Q1,Lenovo IdeaPad Slim 3,Delhi,15,254,242,26,7,5,58,213,1,236,86,6.29,73.33,256,273,0,Shortage,High,350.0,328.0,329.3333333333333,55.0,53.0,5.0,4.0
2021-01-01,2021,1,Q1,Lenovo IdeaPad Slim 3,Mumbai,15,236,259,32,6,3,44,192,1,217,75,5.23,76.27,250,247,0,Shortage,High,327.0,268.0,299.6666666666667,52.0,52.666666666666664,2.0,1.0
2021-02-01,2021,2,Q1,ASUS VivoBook 15,Bangalore,15,172,186,48,6,3,47,159,1,178,49,3.11,82.53,183,167,0,Shortage,High,160.0,203.0,198.0,33.0,43.333333333333336,2.0,1.6666666666666667
2021-02-01,2021,2,Q1,ASUS VivoBook 15,Delhi,15,192,176,11,8,1,35,193,1,172,41,2.28,82.98,204,213,0,Shortage,High,169.0,234.0,228.0,47.0,54.666666666666664,1.0,1.6666666666666667
2021-02-01,2021,2,Q1,ASUS VivoBook 15,Mumbai,15,186,168,23,8,3,33,156,1,188,55,3.05,80.25,193,188,0,Shortage,High,174.0,232.0,209.0,38.0,39.666666666666664,2.0,2.6666666666666665
2021-02-01,2021,2,Q1,Acer Aspire 5,Bangalore,15,158,142,19,7,3,30,142,1,155,47,3.7,78.53,159,155,0,Shortage,High,138.0,192.0,183.66666666666666,7.0,26.666666666666668,3.0,3.3333333333333335
2021-02-01,2021,2,Q1,Acer Aspire 5,Delhi,15,164,155,20,8,3,43,159,1,148,42,3.75,81.75,176,184,0,Shortage,High,174.0,238.0,209.33333333333334,34.0,41.0,2.0,3.0
2021-02-01,2021,2,Q1,Acer Aspire 5,Mumbai,15,168,151,33,8,3,35,167,1,162,49,3.88,77.98,163,150,0,Shortage,High,157.0,223.0,201.66666666666666,27.0,36.333333333333336,3.0,3.0
2021-02-01,2021,2,Q1,Dell Inspiron 15,Bangalore,15,185,157,24,8,3,37,170,1,165,46,4.03,75.84,203,201,0,Shortage,High,199.0,242.0,237.0,37.0,43.0,3.0,2.6666666666666665
2021-02-01,2021,2,Q1,Dell Inspiron 15,Delhi,15,221,223,43,7,1,54,224,1,223,56,1.53,86.8,235,231,0,Shortage,High,226.0,277.0,272.6666666666667,50.0,47.333333333333336,2.0,2.0
2021-02-01,2021,2,Q1,Dell Inspiron 15,Mumbai,15,214,230,20,7,3,63,214,1,191,58,2.16,85.62,225,253,0,Shortage,High,214.0,287.0,258.3333333333333,27.0,31.333333333333332,3.0,2.6666666666666665
2021-02-01,2021,2,Q1,HP Pavilion 15,Bangalore,15,172,156,47,7,2,32,143,1,152,42,2.02,80.72,184,154,0,Shortage,High,196.0,212.0,208.66666666666666,50.0,44.333333333333336,1.0,1.3333333333333333
2021-02-01,2021,2,Q1,HP Pavilion 15,Delhi,15,205,195,31,8,2,48,206,1,192,53,1.97,83.58,211,213,0,Shortage,High,200.0,254.0,252.0,38.0,41.666666666666664,3.0,3.0
2021-02-01,2021,2,Q1,HP Pavilion 15,Mumbai,15,169,161,11,6,3,43,142,1,170,49,4.1,76.98,173,190,0,Shortage,High,199.0,241.0,234.0,28.0,37.666666666666664,3.0,3.0
2021-02-01,2021,2,Q1,Lenovo IdeaPad Slim 3,Bangalore,15,233,231,40,8,0,59,185,1,221,52,1.5,87.13,252,256,0,Shortage,Medium,212.0,282.0,263.0,50.0,55.0,0.0,0.6666666666666666
2021-02-01,2021,2,Q1,Lenovo IdeaPad Slim 3,Delhi,15,268,273,42,7,3,73,241,1,273,97,3.8,77.45,280,296,0,Shortage,High,254.0,310.0,304.6666666666667,26.0,35.666666666666664,5.0,4.666666666666667
2021-02-01,2021,2,Q1,Lenovo IdeaPad Slim 3,Mumbai,15,242,244,57,8,3,54,220,1,250,80,4.0,75.44,269,251,0,Shortage,High,236.0,304.0,289.0,32.0,50.0,3.0,1.6666666666666667
2021-03-01,2021,3,Q1,ASUS VivoBook 15,Bangalore,15,179,172,20,8,1,43,147,1,171,41,1.04,82.98,174,182,0,Shortage,High,172.0,231.0,187.66666666666666,48.0,45.666666666666664,3.0,2.0
2021-03-01,2021,3,Q1,ASUS VivoBook 15,Delhi,15,195,199,27,7,3,48,154,1,185,55,3.07,80.3,207,213,0,Shortage,High,192.0,281.0,214.0,11.0,48.666666666666664,1.0,1.3333333333333333
2021-03-01,2021,3,Q1,ASUS VivoBook 15,Mumbai,15,162,159,25,7,3,46,138,1,158,43,3.37,77.75,158,164,0,Shortage,High,186.0,221.0,193.66666666666666,23.0,38.666666666666664,3.0,2.6666666666666665
2021-03-01,2021,3,Q1,Acer Aspire 5,Bangalore,15,156,134,19,8,1,46,134,1,151,33,1.35,86.88,174,186,0,Shortage,Medium,158.0,221.0,172.33333333333334,19.0,22.333333333333332,3.0,3.3333333333333335
2021-03-01,2021,3,Q1,Acer Aspire 5,Delhi,15,182,177,26,9,3,41,145,1,179,54,3.41,76.68,181,181,0,Shortage,High,164.0,216.0,184.66666666666666,20.0,26.0,3.0,2.6666666666666665
2021-03-01,2021,3,Q1,Acer Aspire 5,Mumbai,15,203,201,18,7,4,58,204,1,186,65,5.61,77.67,225,250,0,Shortage,High,168.0,225.0,183.33333333333334,33.0,35.0,3.0,3.0
2021-03-01,2021,3,Q1,Dell Inspiron 15,Bangalore,15,198,192,26,4,3,58,168,1,179,59,3.54,82.79,217,234,0,Shortage,High,185.0,270.0,218.0,24.0,40.333333333333336,3.0,2.6666666666666665
2021-03-01,2021,3,Q1,Dell Inspiron 15,Delhi,15,260,245,25,9,2,76,246,1,253,81,2.73,78.46,247,283,0,Shortage,High,221.0,315.0,254.0,43.0,43.666666666666664,1.0,1.6666666666666667
2021-03-01,2021,3,Q1,Dell Inspiron 15,Mumbai,15,233,235,38,8,3,47,211,1,207,70,4.7,76.75,257,251,0,Shortage,High,214.0,274.0,234.0,20.0,25.666666666666668,3.0,3.0
2021-03-01,2021,3,Q1,HP Pavilion 15,Bangalore,15,192,185,36,6,2,52,160,1,181,54,2.82,84.44,201,202,0,Shortage,High,172.0,218.0,195.33333333333334,47.0,49.333333333333336,2.0,1.3333333333333333
2021-03-01,2021,3,Q1,HP Pavilion 15,Delhi,15,230,232,53,8,2,47,204,1,206,62,2.47,78.22,239,218,0,Shortage,High,205.0,302.0,235.66666666666666,31.0,39.0,2.0,2.6666666666666665
2021-03-01,2021,3,Q1,HP Pavilion 15,Mumbai,15,199,219,51,9,2,37,196,1,183,52,2.69,81.22,202,173,0,Shortage,High,169.0,262.0,210.0,11.0,34.333333333333336,3.0,3.0
2021-03-01,2021,3,Q1,Lenovo IdeaPad Slim 3,Bangalore,15,230,229,39,6,1,65,216,1,236,62,1.34,85.94,230,241,0,Shortage,High,233.0,295.0,246.66666666666666,40.0,54.333333333333336,0.0,0.3333333333333333
2021-03-01,2021,3,Q1,Lenovo IdeaPad Slim 3,Delhi,15,212,222,54,8,3,62,184,1,190,59,2.61,81.56,215,208,0,Shortage,High,268.0,350.0,290.6666666666667,42.0,41.0,3.0,4.333333333333333
2021-03-01,2021,3,Q1,Lenovo IdeaPad Slim 3,Mumbai,15,266,277,48,5,3,71,267,1,244,86,3.27,79.62,293,301,0,Shortage,High,242.0,327.0,268.3333333333333,57.0,47.0,3.0,2.6666666666666665
2021-04-01,2021,4,Q2,ASUS VivoBook 15,Bangalore,15,177,165,29,9,1,43,161,1,175,40,1.44,85.49,183,182,0,Shortage,Medium,179.0,160.0,170.33333333333334,20.0,33.666666666666664,1.0,2.0
2021-04-01,2021,4,Q2,ASUS VivoBook 15,Delhi,15,191,190,27,6,2,51,165,1,185,47,3.03,80.87,184,193,0,Shortage,High,195.0,169.0,185.33333333333334,27.0,28.333333333333332,3.0,1.6666666666666667
2021-04-01,2021,4,Q2,ASUS VivoBook 15,Mumbai,15,184,174,31,8,3,42,152,1,191,56,3.9,79.53,201,197,0,Shortage,High,162.0,174.0,174.0,25.0,28.666666666666668,3.0,2.6666666666666665
2021-04-01,2021,4,Q2,Acer Aspire 5,Bangalore,15,171,153,19,7,2,34,170,1,163,44,2.15,85.98,191,191,0,Shortage,High,156.0,138.0,150.66666666666666,19.0,15.0,1.0,2.3333333333333335
2021-04-01,2021,4,Q2,Acer Aspire 5,Delhi,15,185,201,52,7,3,49,174,1,166,54,3.81,79.25,189,171,0,Shortage,High,182.0,174.0,173.33333333333334,26.0,26.666666666666668,3.0,2.6666666666666665
2021-04-01,2021,4,Q2,Acer Aspire 5,Mumbai,15,194,195,20,7,4,58,161,1,179,59,4.56,76.34,203,226,0,Shortage,High,203.0,157.0,176.0,18.0,26.0,4.0,3.3333333333333335
2021-04-01,2021,4,Q2,Dell Inspiron 15,Bangalore,15,215,213,39,8,2,49,186,1,223,64,2.02,80.16,220,215,0,Shortage,High,198.0,199.0,194.0,26.0,29.0,3.0,3.0
2021-04-01,2021,4,Q2,Dell Inspiron 15,Delhi,15,252,206,34,7,3,63,208,1,247,86,3.19,80.33,245,259,0,Shortage,High,260.0,226.0,235.66666666666666,25.0,39.333333333333336,2.0,1.6666666666666667
2021-04-01,2021,4,Q2,Dell Inspiron 15,Mumbai,15,217,194,50,7,2,54,205,1,225,63,1.7,80.71,230,219,0,Shortage,High,233.0,214.0,220.33333333333334,38.0,28.333333333333332,3.0,3.0
2021-04-01,2021,4,Q2,HP Pavilion 15,Bangalore,15,204,192,38,8,1,47,172,1,212,48,2.79,82.06,202,196,0,Shortage,Medium,192.0,196.0,186.66666666666666,36.0,44.333333333333336,2.0,1.6666666666666667
2021-04-01,2021,4,Q2,HP Pavilion 15,Delhi,15,215,201,16,6,4,57,178,1,204,68,3.96,80.81,208,234,0,Shortage,High,230.0,200.0,211.66666666666666,53.0,40.666666666666664,2.0,2.3333333333333335
2021-04-01,2021,4,Q2,HP Pavilion 15,Mumbai,15,191,183,14,6,2,55,159,1,172,45,2.73,79.2,186,212,0,Shortage,High,199.0,199.0,189.0,51.0,30.0,2.0,2.6666666666666665
2021-04-01,2021,4,Q2,Lenovo IdeaPad Slim 3,Bangalore,15,219,243,28,6,2,43,200,1,204,60,2.87,82.09,239,239,0,Shortage,High,230.0,212.0,225.0,39.0,43.0,1.0,0.3333333333333333
2021-04-01,2021,4,Q2,Lenovo IdeaPad Slim 3,Delhi,15,241,222,47,8,2,62,224,1,214,65,3.47,84.54,245,245,0,Shortage,High,212.0,254.0,244.66666666666666,54.0,40.666666666666664,3.0,3.6666666666666665
2021-04-01,2021,4,Q2,Lenovo IdeaPad Slim 3,Mumbai,15,249,238,37,8,3,60,218,1,257,91,3.96,74.6,241,249,0,Shortage,High,266.0,236.0,248.0,48.0,45.666666666666664,3.0,3.0
2021-05-01,2021,5,Q2,ASUS VivoBook 15,Bangalore,15,196,182,24,8,1,45,163,1,187,47,2.43,83.47,199,205,0,Shortage,High,177.0,172.0,176.0,29.0,32.333333333333336,1.0,1.6666666666666667
2021-05-01,2021,5,Q2,ASUS VivoBook 15,Delhi,15,203,180,29,7,3,52,194,1,184,56,2.95,79.66,194,202,0,Shortage,High,191.0,192.0,192.66666666666666,27.0,21.666666666666668,2.0,2.0
2021-05-01,2021,5,Q2,ASUS VivoBook 15,Mumbai,15,189,185,19,8,3,46,159,1,183,53,2.48,81.75,193,205,0,Shortage,High,184.0,186.0,177.33333333333334,31.0,26.333333333333332,3.0,3.0
2021-05-01,2021,5,Q2,Acer Aspire 5,Bangalore,15,158,164,18,7,2,44,131,1,149,37,1.82,83.57,172,183,0,Shortage,High,171.0,158.0,161.66666666666666,19.0,19.0,2.0,2.0
2021-05-01,2021,5,Q2,Acer Aspire 5,Delhi,15,204,204,52,7,3,49,165,1,202,62,4.06,74.48,211,193,0,Shortage,High,185.0,164.0,177.0,52.0,32.666666666666664,3.0,3.0
2021-05-01,2021,5,Q2,Acer Aspire 5,Mumbai,15,165,154,17,7,3,30,162,1,169,53,4.64,80.4,175,173,0,Shortage,High,194.0,168.0,188.33333333333334,20.0,23.666666666666668,4.0,3.6666666666666665
2021-05-01,2021,5,Q2,Dell Inspiron 15,Bangalore,15,241,236,43,7,2,51,225,1,225,69,3.73,83.15,265,258,0,Shortage,High,215.0,185.0,199.33333333333334,39.0,29.666666666666668,2.0,2.6666666666666665
2021-05-01,2021,5,Q2,Dell Inspiron 15,Delhi,15,245,277,69,6,3,57,244,1,239,81,3.71,77.79,246,219,0,Shortage,High,252.0,221.0,244.33333333333334,34.0,34.0,3.0,2.0
2021-05-01,2021,5,Q2,Dell Inspiron 15,Mumbai,15,234,203,25,6,0,61,211,1,228,54,1.67,84.46,251,272,0,Shortage,Medium,217.0,214.0,221.33333333333334,50.0,36.0,2.0,2.6666666666666665
2021-05-01,2021,5,Q2,HP Pavilion 15,Bangalore,15,194,204,17,7,3,52,193,1,184,56,3.91,80.39,202,222,0,Shortage,High,204.0,172.0,189.33333333333334,38.0,40.333333333333336,1.0,1.6666666666666667
2021-05-01,2021,5,Q2,HP Pavilion 15,Delhi,15,257,250,35,8,3,70,247,1,261,92,2.81,79.29,285,305,0,Shortage,High,215.0,205.0,216.66666666666666,16.0,33.333333333333336,4.0,2.6666666666666665
2021-05-01,2021,5,Q2,HP Pavilion 15,Mumbai,15,229,208,27,7,1,42,209,1,232,60,1.74,83.01,227,227,0,Shortage,High,191.0,169.0,186.33333333333334,14.0,25.333333333333332,2.0,2.3333333333333335
2021-05-01,2021,5,Q2,Lenovo IdeaPad Slim 3,Bangalore,15,234,226,28,7,3,43,202,1,225,74,3.57,74.74,257,257,0,Shortage,High,219.0,233.0,227.33333333333334,28.0,35.666666666666664,2.0,1.0
2021-05-01,2021,5,Q2,Lenovo IdeaPad Slim 3,Delhi,15,275,259,60,7,1,59,245,1,275,82,1.38,83.54,269,253,0,Shortage,High,241.0,268.0,240.33333333333334,47.0,47.666666666666664,2.0,2.6666666666666665
2021-05-01,2021,5,Q2,Lenovo IdeaPad Slim 3,Mumbai,15,260,275,67,6,3,53,241,1,258,93,4.65,74.64,259,230,0,Shortage,High,249.0,242.0,252.33333333333334,37.0,47.333333333333336,3.0,3.0
2021-06-01,2021,6,Q2,ASUS VivoBook 15,Bangalore,15,161,183,35,7,4,48,141,1,157,50,3.34,80.12,173,171,0,Shortage,High,196.0,179.0,184.0,24.0,24.333333333333332,1.0,1.0
2021-06-01,2021,6,Q2,ASUS VivoBook 15,Delhi,15,188,168,42,6,5,38,190,1,175,69,4.29,80.49,193,174,0,Shortage,High,203.0,195.0,196.33333333333334,29.0,27.666666666666668,3.0,2.6666666666666665
2021-06-01,2021,6,Q2,ASUS VivoBook 15,Mumbai,15,181,197,38,8,2,43,155,1,162,45,3.45,84.85,201,191,0,Shortage,High,189.0,162.0,178.33333333333334,19.0,25.0,3.0,3.0
2021-06-01,2021,6,Q2,Acer Aspire 5,Bangalore,15,149,136,27,8,2,41,151,1,143,31,1.58,84.11,143,142,0,Shortage,High,158.0,156.0,161.66666666666666,18.0,18.666666666666668,2.0,1.6666666666666667
2021-06-01,2021,6,Q2,Acer Aspire 5,Delhi,15,204,185,25,7,2,50,173,1,201,55,2.97,82.27,221,231,0,Shortage,High,204.0,182.0,190.33333333333334,52.0,43.333333333333336,3.0,3.0
2021-06-01,2021,6,Q2,Acer Aspire 5,Mumbai,15,176,176,31,8,3,38,142,1,165,49,3.3,80.93,177,169,0,Shortage,High,165.0,203.0,187.33333333333334,17.0,18.333333333333332,3.0,3.6666666666666665
2021-06-01,2021,6,Q2,Dell Inspiron 15,Bangalore,15,226,263,43,7,1,54,196,1,205,51,1.7,85.47,239,235,0,Shortage,High,241.0,198.0,218.0,43.0,36.0,2.0,2.3333333333333335
2021-06-01,2021,6,Q2,Dell Inspiron 15,Delhi,15,202,205,37,9,3,42,171,1,210,66,3.3,82.56,205,195,0,Shortage,High,245.0,260.0,252.33333333333334,69.0,42.666666666666664,3.0,2.6666666666666665
2021-06-01,2021,6,Q2,Dell Inspiron 15,Mumbai,15,225,209,27,7,0,52,210,1,201,43,1.37,87.15,245,255,0,Shortage,Medium,234.0,233.0,228.0,25.0,37.666666666666664,0.0,1.6666666666666667
2021-06-01,2021,6,Q2,HP Pavilion 15,Bangalore,15,187,175,14,8,2,40,155,1,168,47,3.38,80.67,181,192,0,Shortage,High,194.0,192.0,196.66666666666666,17.0,30.333333333333332,3.0,2.0
2021-06-01,2021,6,Q2,HP Pavilion 15,Delhi,15,218,219,50,8,2,61,178,1,203,58,2.08,83.41,229,225,0,Shortage,High,257.0,230.0,234.0,35.0,34.666666666666664,3.0,3.0
2021-06-01,2021,6,Q2,HP Pavilion 15,Mumbai,15,198,200,45,7,2,52,164,1,181,52,2.55,85.54,214,206,0,Shortage,High,229.0,199.0,206.33333333333334,27.0,30.666666666666668,1.0,1.6666666666666667
2021-06-01,2021,6,Q2,Lenovo IdeaPad Slim 3,Bangalore,15,224,214,45,7,3,41,222,1,203,66,3.62,75.72,243,224,0,Shortage,High,234.0,230.0,227.66666666666666,28.0,31.666666666666668,3.0,2.0
2021-06-01,2021,6,Q2,Lenovo IdeaPad Slim 3,Delhi,15,275,279,69,8,1,64,257,1,276,85,1.87,83.89,283,263,0,Shortage,High,275.0,212.0,242.66666666666666,60.0,53.666666666666664,1.0,2.0
2021-06-01,2021,6,Q2,Lenovo IdeaPad Slim 3,Mumbai,15,260,256,56,8,2,54,236,1,256,80,2.69,81.19,282,265,0,Shortage,High,260.0,266.0,258.3333333333333,67.0,50.666666666666664,3.0,3.0
2021-07-01,2021,7,Q3,ASUS VivoBook 15,Bangalore,15,170,162,28,9,2,39,154,1,173,44,1.55,87.34,190,186,0,Shortage,High,161.0,177.0,178.0,35.0,29.333333333333332,4.0,2.0
2021-07-01,2021,7,Q3,ASUS VivoBook 15,Delhi,15,205,224,50,8,4,51,169,1,205,76,4.17,74.51,224,210,0,Shortage,High,188.0,191.0,194.0,42.0,32.666666666666664,5.0,3.3333333333333335
2021-07-01,2021,7,Q3,ASUS VivoBook 15,Mumbai,15,198,192,26,5,2,46,179,1,199,53,2.79,77.52,193,198,0,Shortage,High,181.0,184.0,184.66666666666666,38.0,29.333333333333332,2.0,2.6666666666666665
2021-07-01,2021,7,Q3,Acer Aspire 5,Bangalore,15,169,168,9,7,4,48,171,1,149,46,5.22,76.83,168,192,0,Shortage,High,149.0,171.0,159.33333333333334,27.0,21.333333333333332,2.0,2.0
2021-07-01,2021,7,Q3,Acer Aspire 5,Delhi,15,178,181,39,8,2,42,176,1,183,50,4.09,78.81,183,171,0,Shortage,High,204.0,185.0,197.66666666666666,25.0,43.0,2.0,2.6666666666666665
2021-07-01,2021,7,Q3,Acer Aspire 5,Mumbai,15,168,155,7,8,3,31,162,1,152,41,3.57,78.46,166,175,0,Shortage,High,176.0,194.0,178.33333333333334,31.0,22.666666666666668,3.0,3.3333333333333335
2021-07-01,2021,7,Q3,Dell Inspiron 15,Bangalore,15,207,211,18,7,1,51,180,1,193,49,1.37,85.04,227,245,0,Shortage,High,226.0,215.0,227.33333333333334,43.0,41.666666666666664,1.0,1.6666666666666667
2021-07-01,2021,7,Q3,Dell Inspiron 15,Delhi,15,277,235,46,8,3,59,232,1,248,89,3.47,79.49,274,272,0,Shortage,High,202.0,252.0,233.0,37.0,46.666666666666664,3.0,3.0
2021-07-01,2021,7,Q3,Dell Inspiron 15,Mumbai,15,246,222,34,8,1,54,232,1,219,59,1.24,89.17,273,278,0,Shortage,High,225.0,217.0,225.33333333333334,27.0,34.0,0.0,0.6666666666666666
2021-07-01,2021,7,Q3,HP Pavilion 15,Bangalore,15,201,223,38,9,1,39,160,1,201,43,1.92,86.64,205,191,0,Shortage,Medium,187.0,204.0,195.0,14.0,23.0,2.0,2.0
2021-07-01,2021,7,Q3,HP Pavilion 15,Delhi,15,237,249,43,7,1,56,230,1,229,63,2.42,83.88,250,248,0,Shortage,High,218.0,215.0,230.0,50.0,33.666666666666664,2.0,3.0
2021-07-01,2021,7,Q3,HP Pavilion 15,Mumbai,15,204,222,24,7,2,51,204,1,211,61,2.59,82.39,203,215,0,Shortage,High,198.0,191.0,206.0,45.0,28.666666666666668,2.0,1.6666666666666667
2021-07-01,2021,7,Q3,Lenovo IdeaPad Slim 3,Bangalore,15,248,248,18,6,3,69,201,1,237,83,4.54,79.94,269,305,0,Shortage,High,224.0,219.0,225.66666666666666,45.0,33.666666666666664,3.0,2.6666666666666665
2021-07-01,2021,7,Q3,Lenovo IdeaPad Slim 3,Delhi,15,250,255,66,7,1,66,199,1,254,73,2.84,82.73,239,224,0,Shortage,High,275.0,241.0,263.6666666666667,69.0,58.666666666666664,1.0,1.3333333333333333
2021-07-01,2021,7,Q3,Lenovo IdeaPad Slim 3,Mumbai,15,267,263,41,7,1,64,239,1,261,72,1.54,86.39,293,301,0,Shortage,High,260.0,249.0,256.3333333333333,56.0,53.333333333333336,2.0,2.6666666666666665
2021-08-01,2021,8,Q3,ASUS VivoBook 15,Bangalore,15,183,170,38,9,0,38,151,1,178,33,0.0,88.71,191,176,0,Shortage,Medium,170.0,196.0,175.66666666666666,28.0,29.0,2.0,2.3333333333333335
2021-08-01,2021,8,Q3,ASUS VivoBook 15,Delhi,15,205,215,54,8,4,40,171,1,184,66,4.4,73.74,195,166,0,Shortage,High,205.0,203.0,198.66666666666666,50.0,40.333333333333336,4.0,4.0
2021-08-01,2021,8,Q3,ASUS VivoBook 15,Mumbai,15,210,192,18,6,4,48,178,1,200,73,5.37,71.0,229,244,0,Shortage,High,198.0,189.0,189.33333333333334,26.0,27.666666666666668,2.0,2.3333333333333335
2021-08-01,2021,8,Q3,Acer Aspire 5,Bangalore,15,174,200,45,8,4,49,149,1,167,55,5.26,77.09,167,156,0,Shortage,High,169.0,158.0,158.66666666666666,9.0,18.0,4.0,2.6666666666666665
2021-08-01,2021,8,Q3,Acer Aspire 5,Delhi,15,198,192,34,6,2,49,188,1,200,52,2.59,80.65,190,190,0,Shortage,High,178.0,204.0,195.33333333333334,39.0,38.666666666666664,2.0,2.3333333333333335
2021-08-01,2021,8,Q3,Acer Aspire 5,Mumbai,15,185,184,22,8,2,46,158,1,168,48,2.22,83.26,184,193,0,Shortage,High,168.0,165.0,169.66666666666666,7.0,18.333333333333332,3.0,3.0
2021-08-01,2021,8,Q3,Dell Inspiron 15,Bangalore,15,243,239,27,8,3,49,237,1,250,85,3.74,77.31,238,245,0,Shortage,High,207.0,241.0,224.66666666666666,18.0,34.666666666666664,1.0,1.3333333333333333
2021-08-01,2021,8,Q3,Dell Inspiron 15,Delhi,15,243,257,28,6,3,67,229,1,231,76,4.52,77.58,270,294,0,Shortage,High,277.0,245.0,241.33333333333334,46.0,50.666666666666664,3.0,3.0
2021-08-01,2021,8,Q3,Dell Inspiron 15,Mumbai,15,242,252,24,6,3,44,202,1,220,75,4.08,80.95,233,238,0,Shortage,High,246.0,234.0,235.0,34.0,28.666666666666668,1.0,0.3333333333333333
2021-08-01,2021,8,Q3,HP Pavilion 15,Bangalore,15,216,225,38,8,4,52,210,1,193,67,5.41,73.64,220,219,0,Shortage,High,201.0,194.0,194.0,38.0,23.0,1.0,2.0
2021-08-01,2021,8,Q3,HP Pavilion 15,Delhi,15,211,207,27,7,2,54,201,1,194,57,2.68,79.46,217,229,0,Shortage,High,237.0,257.0,237.33333333333334,43.0,42.666666666666664,1.0,2.0
2021-08-01,2021,8,Q3,HP Pavilion 15,Mumbai,15,216,238,49,7,2,55,216,1,217,58,2.91,81.52,210,201,0,Shortage,High,204.0,229.0,210.33333333333334,24.0,32.0,2.0,1.6666666666666667
2021-08-01,2021,8,Q3,Lenovo IdeaPad Slim 3,Bangalore,15,255,265,55,7,3,57,231,1,254,88,3.7,82.65,262,249,0,Shortage,High,248.0,234.0,235.33333333333334,18.0,30.333333333333332,3.0,3.0
2021-08-01,2021,8,Q3,Lenovo IdeaPad Slim 3,Delhi,15,287,309,57,7,2,70,287,1,265,86,2.03,84.79,287,285,0,Shortage,High,250.0,275.0,266.6666666666667,66.0,65.0,1.0,1.0
2021-08-01,2021,8,Q3,Lenovo IdeaPad Slim 3,Mumbai,15,260,256,36,7,1,71,258,1,248,71,2.38,84.83,270,290,0,Shortage,High,267.0,260.0,262.3333333333333,41.0,54.666666666666664,1.0,2.0
2021-09-01,2021,9,Q3,ASUS VivoBook 15,Bangalore,15,200,194,20,8,3,48,181,1,194,59,3.49,79.16,211,224,0,Shortage,High,183.0,161.0,171.33333333333334,38.0,33.666666666666664,0.0,2.0
2021-09-01,2021,9,Q3,ASUS VivoBook 15,Delhi,15,202,182,32,7,3,47,159,1,200,64,4.19,77.36,203,203,0,Shortage,High,205.0,188.0,199.33333333333334,54.0,48.666666666666664,4.0,4.333333333333333
2021-09-01,2021,9,Q3,ASUS VivoBook 15,Mumbai,15,187,195,11,8,3,55,162,1,187,59,4.34,79.57,198,227,0,Shortage,High,210.0,181.0,196.33333333333334,18.0,27.333333333333332,4.0,2.6666666666666665
2021-09-01,2021,9,Q3,Acer Aspire 5,Bangalore,15,175,194,39,8,3,47,160,1,171,49,3.26,76.38,179,172,0,Shortage,High,174.0,149.0,164.0,45.0,27.0,4.0,3.3333333333333335
2021-09-01,2021,9,Q3,Acer Aspire 5,Delhi,15,196,171,19,8,1,51,182,1,201,44,1.19,88.65,202,219,0,Shortage,Medium,198.0,204.0,193.33333333333334,34.0,32.666666666666664,2.0,2.0
2021-09-01,2021,9,Q3,Acer Aspire 5,Mumbai,15,178,178,16,7,4,50,139,1,166,57,4.56,75.85,188,207,0,Shortage,High,185.0,176.0,176.33333333333334,22.0,20.0,2.0,2.6666666666666665
2021-09-01,2021,9,Q3,Dell Inspiron 15,Bangalore,15,208,194,48,7,2,59,174,1,199,58,2.79,83.01,203,199,0,Shortage,High,243.0,226.0,225.33333333333334,27.0,29.333333333333332,3.0,1.6666666666666667
2021-09-01,2021,9,Q3,Dell Inspiron 15,Delhi,15,256,286,73,9,2,61,219,1,241,76,3.28,78.98,261,234,0,Shortage,High,243.0,202.0,240.66666666666666,28.0,37.0,3.0,3.0
2021-09-01,2021,9,Q3,Dell Inspiron 15,Mumbai,15,216,207,25,6,3,64,189,1,210,64,4.56,77.26,221,245,0,Shortage,High,242.0,225.0,237.66666666666666,24.0,28.333333333333332,3.0,1.3333333333333333
2021-09-01,2021,9,Q3,HP Pavilion 15,Bangalore,15,195,198,41,8,3,55,172,1,175,53,2.68,84.77,213,212,0,Shortage,High,216.0,187.0,201.33333333333334,38.0,30.0,4.0,2.3333333333333335
2021-09-01,2021,9,Q3,HP Pavilion 15,Delhi,15,230,216,38,7,1,53,232,1,211,54,2.63,81.55,224,224,0,Shortage,High,211.0,218.0,222.0,27.0,40.0,2.0,1.6666666666666667
2021-09-01,2021,9,Q3,HP Pavilion 15,Mumbai,15,218,245,27,10,1,57,217,1,217,51,1.03,84.32,212,227,0,Shortage,High,216.0,198.0,206.0,49.0,39.333333333333336,2.0,2.0
2021-09-01,2021,9,Q3,Lenovo IdeaPad Slim 3,Bangalore,15,237,273,54,7,2,66,234,1,235,74,1.7,85.7,251,248,0,Shortage,High,255.0,224.0,242.33333333333334,55.0,39.333333333333336,3.0,3.0
2021-09-01,2021,9,Q3,Lenovo IdeaPad Slim 3,Delhi,15,252,225,29,8,0,75,204,1,234,54,1.86,82.84,256,287,0,Shortage,Medium,287.0,275.0,270.6666666666667,57.0,64.0,2.0,1.3333333333333333
2021-09-01,2021,9,Q3,Lenovo IdeaPad Slim 3,Mumbai,15,237,286,75,9,1,44,217,1,242,65,2.32,82.09,243,197,0,Shortage,High,260.0,260.0,262.3333333333333,36.0,44.333333333333336,1.0,1.3333333333333333
2021-10-01,2021,10,Q4,ASUS VivoBook 15,Bangalore,15,198,206,18,6,2,37,167,1,200,54,2.66,80.23,203,207,0,Shortage,High,200.0,170.0,184.33333333333334,20.0,28.666666666666668,3.0,1.6666666666666667
2021-10-01,2021,10,Q4,ASUS VivoBook 15,Delhi,15,214,247,39,8,2,44,216,1,202,55,1.62,89.32,218,208,0,Shortage,High,202.0,205.0,204.0,32.0,45.333333333333336,3.0,3.6666666666666665
2021-10-01,2021,10,Q4,ASUS VivoBook 15,Mumbai,15,233,230,58,6,3,59,219,1,229,75,4.36,78.19,259,245,0,Shortage,High,187.0,198.0,198.33333333333334,11.0,18.333333333333332,3.0,3.0
2021-10-01,2021,10,Q4,Acer Aspire 5,Bangalore,15,201,184,21,8,3,39,181,1,199,64,4.19,77.92,208,211,0,Shortage,High,175.0,169.0,172.66666666666666,39.0,31.0,3.0,3.6666666666666665
2021-10-01,2021,10,Q4,Acer Aspire 5,Delhi,15,207,211,62,9,2,48,191,1,185,56,2.82,83.41,225,196,0,Shortage,High,196.0,178.0,190.66666666666666,19.0,30.666666666666668,1.0,1.6666666666666667
2021-10-01,2021,10,Q4,Acer Aspire 5,Mumbai,15,199,205,46,7,5,39,160,1,184,72,5.07,74.72,202,180,0,Shortage,High,178.0,168.0,177.0,16.0,15.0,4.0,3.0
2021-10-01,2021,10,Q4,Dell Inspiron 15,Bangalore,15,232,229,31,7,2,66,208,1,218,63,2.84,77.54,260,280,0,Shortage,High,208.0,207.0,219.33333333333334,48.0,31.0,2.0,2.0
2021-10-01,2021,10,Q4,Dell Inspiron 15,Delhi,15,278,287,65,8,1,69,218,1,287,85,2.88,80.17,276,265,0,Shortage,High,256.0,277.0,258.6666666666667,73.0,49.0,2.0,2.6666666666666665
2021-10-01,2021,10,Q4,Dell Inspiron 15,Mumbai,15,237,233,54,5,3,55,221,1,230,83,3.72,77.23,237,223,0,Shortage,High,216.0,246.0,234.66666666666666,25.0,27.666666666666668,3.0,2.3333333333333335
2021-10-01,2021,10,Q4,HP Pavilion 15,Bangalore,15,210,219,22,8,3,56,203,1,192,60,2.27,81.15,211,230,0,Shortage,High,195.0,201.0,204.0,41.0,39.0,3.0,2.6666666666666665
2021-10-01,2021,10,Q4,HP Pavilion 15,Delhi,15,230,258,27,7,2,65,220,1,214,62,2.72,83.22,234,257,0,Shortage,High,230.0,237.0,226.0,38.0,36.0,1.0,1.3333333333333333
2021-10-01,2021,10,Q4,HP Pavilion 15,Mumbai,15,229,228,43,9,2,67,226,1,209,61,3.57,76.17,237,246,0,Shortage,High,218.0,204.0,212.66666666666666,27.0,33.333333333333336,1.0,1.6666666666666667
2021-10-01,2021,10,Q4,Lenovo IdeaPad Slim 3,Bangalore,15,250,268,42,8,4,74,220,1,258,100,4.03,79.67,260,277,0,Shortage,High,237.0,248.0,246.66666666666666,54.0,42.333333333333336,2.0,2.6666666666666665
2021-10-01,2021,10,Q4,Lenovo IdeaPad Slim 3,Delhi,15,314,332,53,7,1,59,282,1,320,101,2.08,85.91,348,339,0,Shortage,High,252.0,250.0,263.0,29.0,50.666666666666664,0.0,1.0
2021-10-01,2021,10,Q4,Lenovo IdeaPad Slim 3,Mumbai,15,248,246,26,6,2,69,207,1,239,70,4.04,83.96,249,277,0,Shortage,High,237.0,267.0,254.66666666666666,75.0,50.666666666666664,1.0,1.0
2021-11-01,2021,11,Q4,ASUS VivoBook 15,Bangalore,15,219,208,55,6,2,58,188,1,215,61,2.5,81.04,240,228,0,Shortage,High,198.0,183.0,193.66666666666666,18.0,25.333333333333332,2.0,1.6666666666666667
2021-11-01,2021,11,Q4,ASUS VivoBook 15,Delhi,15,245,235,42,6,2,46,226,1,236,72,3.3,81.6,257,246,0,Shortage,High,214.0,205.0,207.0,39.0,41.666666666666664,2.0,3.0
2021-11-01,2021,11,Q4,ASUS VivoBook 15,Mumbai,15,226,243,56,7,3,46,214,1,210,67,4.0,76.66,215,190,0,Shortage,High,233.0,210.0,210.0,58.0,29.0,3.0,3.3333333333333335
2021-11-01,2021,11,Q4,Acer Aspire 5,Bangalore,15,188,205,40,8,1,55,164,1,184,41,1.46,83.97,196,196,0,Shortage,Medium,201.0,174.0,183.33333333333334,21.0,35.0,3.0,3.3333333333333335
2021-11-01,2021,11,Q4,Acer Aspire 5,Delhi,15,211,203,55,9,2,62,211,1,198,60,2.6,81.33,232,224,0,Shortage,High,207.0,198.0,200.33333333333334,62.0,38.333333333333336,2.0,1.6666666666666667
2021-11-01,2021,11,Q4,Acer Aspire 5,Mumbai,15,222,234,58,7,4,57,173,1,208,74,4.38,78.25,224,208,0,Shortage,High,199.0,185.0,187.33333333333334,46.0,28.0,5.0,3.6666666666666665
2021-11-01,2021,11,Q4,Dell Inspiron 15,Bangalore,15,245,248,51,7,3,68,215,1,237,86,4.6,75.96,272,274,0,Shortage,High,232.0,243.0,227.66666666666666,31.0,35.333333333333336,2.0,2.3333333333333335
2021-11-01,2021,11,Q4,Dell Inspiron 15,Delhi,15,307,303,41,6,1,66,296,1,278,86,2.4,86.92,315,325,0,Shortage,High,278.0,243.0,259.0,65.0,55.333333333333336,1.0,2.0
2021-11-01,2021,11,Q4,Dell Inspiron 15,Mumbai,15,276,262,35,6,2,67,259,1,258,85,1.86,83.39,263,280,0,Shortage,High,237.0,242.0,231.66666666666666,54.0,34.333333333333336,3.0,3.0
2021-11-01,2021,11,Q4,HP Pavilion 15,Bangalore,15,250,243,43,7,3,61,246,1,260,91,3.94,80.19,265,268,0,Shortage,High,210.0,216.0,207.0,22.0,33.666666666666664,3.0,3.3333333333333335
2021-11-01,2021,11,Q4,HP Pavilion 15,Delhi,15,258,247,35,9,2,69,211,1,241,74,3.69,82.55,269,288,0,Shortage,High,230.0,211.0,223.66666666666666,27.0,30.666666666666668,2.0,1.6666666666666667
2021-11-01,2021,11,Q4,HP Pavilion 15,Mumbai,15,230,211,33,7,2,67,221,1,232,71,3.29,78.64,236,255,0,Shortage,High,229.0,216.0,221.0,43.0,39.666666666666664,2.0,1.6666666666666667
2021-11-01,2021,11,Q4,Lenovo IdeaPad Slim 3,Bangalore,15,255,260,43,6,4,47,241,1,237,89,3.78,75.39,252,241,0,Shortage,High,250.0,255.0,247.33333333333334,42.0,50.333333333333336,4.0,3.0
2021-11-01,2021,11,Q4,Lenovo IdeaPad Slim 3,Delhi,15,315,331,66,7,1,88,277,1,303,100,2.39,85.49,342,349,0,Shortage,High,314.0,287.0,284.3333333333333,53.0,46.333333333333336,1.0,1.0
2021-11-01,2021,11,Q4,Lenovo IdeaPad Slim 3,Mumbai,15,308,298,81,7,2,66,241,1,290,104,3.15,79.61,340,310,0,Shortage,High,248.0,260.0,248.33333333333334,26.0,45.666666666666664,2.0,1.3333333333333333
2021-12-01,2021,12,Q4,ASUS VivoBook 15,Bangalore,15,215,200,32,7,2,52,179,1,214,61,3.65,78.26,230,235,0,Shortage,High,219.0,200.0,205.66666666666666,55.0,31.0,2.0,2.3333333333333335
2021-12-01,2021,12,Q4,ASUS VivoBook 15,Delhi,15,277,234,42,5,3,51,237,1,264,94,3.09,75.88,281,275,0,Shortage,High,245.0,202.0,220.33333333333334,42.0,37.666666666666664,2.0,2.3333333333333335
2021-12-01,2021,12,Q4,ASUS VivoBook 15,Mumbai,15,223,233,37,5,4,62,216,1,225,79,4.07,73.48,212,222,0,Shortage,High,226.0,187.0,215.33333333333334,56.0,41.666666666666664,3.0,3.0
2021-12-01,2021,12,Q4,Acer Aspire 5,Bangalore,15,196,186,39,9,1,46,178,1,192,43,0.8,87.52,209,201,0,Shortage,Medium,188.0,175.0,188.0,40.0,33.333333333333336,1.0,2.3333333333333335
2021-12-01,2021,12,Q4,Acer Aspire 5,Delhi,15,245,234,24,8,4,66,219,1,239,92,3.68,76.15,233,260,0,Shortage,High,211.0,196.0,204.66666666666666,55.0,45.333333333333336,2.0,1.6666666666666667
2021-12-01,2021,12,Q4,Acer Aspire 5,Mumbai,15,236,216,36,9,3,64,197,1,245,83,2.84,82.45,261,274,0,Shortage,High,222.0,178.0,199.66666666666666,58.0,40.0,4.0,4.333333333333333
2021-12-01,2021,12,Q4,Dell Inspiron 15,Bangalore,15,261,275,30,8,4,63,247,1,233,89,5.66,76.26,265,283,0,Shortage,High,245.0,208.0,228.33333333333334,51.0,43.333333333333336,3.0,2.3333333333333335
2021-12-01,2021,12,Q4,Dell Inspiron 15,Delhi,15,308,340,65,7,0,70,264,1,304,85,0.92,86.13,339,329,0,Shortage,Medium,307.0,256.0,280.3333333333333,41.0,59.666666666666664,1.0,1.3333333333333333
2021-12-01,2021,12,Q4,Dell Inspiron 15,Mumbai,15,297,317,35,5,1,75,245,1,284,86,1.98,83.6,290,315,0,Shortage,High,276.0,216.0,243.0,35.0,38.0,2.0,2.6666666666666665
2021-12-01,2021,12,Q4,HP Pavilion 15,Bangalore,15,249,249,35,8,4,67,236,1,223,85,4.61,75.8,267,284,0,Shortage,High,250.0,195.0,218.33333333333334,43.0,35.333333333333336,3.0,3.0
2021-12-01,2021,12,Q4,HP Pavilion 15,Delhi,15,254,239,21,7,4,47,221,1,254,97,3.48,78.04,248,259,0,Shortage,High,258.0,230.0,239.33333333333334,35.0,33.333333333333336,2.0,1.6666666666666667
2021-12-01,2021,12,Q4,HP Pavilion 15,Mumbai,15,267,247,54,7,3,61,225,1,250,88,2.85,79.69,255,247,0,Shortage,High,230.0,218.0,225.66666666666666,33.0,34.333333333333336,2.0,1.6666666666666667
2021-12-01,2021,12,Q4,Lenovo IdeaPad Slim 3,Bangalore,15,270,245,33,7,4,50,230,1,247,96,4.97,73.46,277,279,0,Shortage,High,255.0,237.0,247.33333333333334,43.0,46.333333333333336,4.0,3.3333333333333335
2021-12-01,2021,12,Q4,Lenovo IdeaPad Slim 3,Delhi,15,312,284,52,6,2,89,247,1,309,110,2.64,81.42,312,334,0,Shortage,High,315.0,252.0,293.6666666666667,66.0,49.333333333333336,1.0,0.6666666666666666
2021-12-01,2021,12,Q4,Lenovo IdeaPad Slim 3,Mumbai,15,310,299,46,4,2,81,300,1,283,98,2.73,81.62,308,328,0,Shortage,High,308.0,237.0,264.3333333333333,81.0,60.666666666666664,2.0,1.6666666666666667
2022-01-01,2022,1,Q1,ASUS VivoBook 15,Bangalore,15,177,177,30,7,2,38,139,1,165,45,2.59,82.14,172,165,0,Shortage,High,215.0,198.0,210.66666666666666,32.0,35.0,2.0,2.0
2022-01-01,2022,1,Q1,ASUS VivoBook 15,Delhi,15,170,151,12,7,4,38,163,1,156,54,5.47,73.46,175,186,0,Shortage,High,277.0,214.0,245.33333333333334,42.0,41.0,3.0,2.3333333333333335
2022-01-01,2022,1,Q1,ASUS VivoBook 15,Mumbai,15,206,196,20,8,3,61,208,1,187,61,3.55,76.41,229,255,0,Shortage,High,223.0,233.0,227.33333333333334,37.0,50.333333333333336,4.0,3.3333333333333335
2022-01-01,2022,1,Q1,Acer Aspire 5,Bangalore,15,140,142,23,6,2,25,135,1,134,31,2.97,75.94,145,132,0,Shortage,High,196.0,201.0,195.0,39.0,33.333333333333336,1.0,1.6666666666666667
2022-01-01,2022,1,Q1,Acer Aspire 5,Delhi,15,183,182,27,7,2,52,144,1,183,49,2.98,81.59,203,213,0,Shortage,High,245.0,207.0,221.0,24.0,47.0,4.0,2.6666666666666665
2022-01-01,2022,1,Q1,Acer Aspire 5,Mumbai,15,147,135,34,7,3,42,138,1,153,39,4.0,80.23,162,155,0,Shortage,High,236.0,199.0,219.0,36.0,46.666666666666664,3.0,4.0
2022-01-01,2022,1,Q1,Dell Inspiron 15,Bangalore,15,192,174,31,8,4,53,172,1,189,66,4.22,79.44,188,195,0,Shortage,High,261.0,232.0,246.0,30.0,37.333333333333336,4.0,3.0
2022-01-01,2022,1,Q1,Dell Inspiron 15,Delhi,15,237,234,17,7,0,50,214,1,233,55,1.1,85.75,257,275,0,Shortage,Medium,308.0,278.0,297.6666666666667,65.0,57.0,0.0,0.6666666666666666
2022-01-01,2022,1,Q1,Dell Inspiron 15,Mumbai,15,210,217,62,7,3,51,170,1,211,67,3.61,74.71,221,195,0,Shortage,High,297.0,237.0,270.0,35.0,41.333333333333336,1.0,2.0
2022-01-01,2022,1,Q1,HP Pavilion 15,Bangalore,15,167,172,34,7,3,41,145,1,165,47,3.47,82.43,164,156,0,Shortage,High,249.0,210.0,236.33333333333334,35.0,33.333333333333336,4.0,3.3333333333333335
2022-01-01,2022,1,Q1,HP Pavilion 15,Delhi,15,195,192,40,6,4,44,180,1,202,69,3.93,76.62,214,203,0,Shortage,High,254.0,230.0,247.33333333333334,21.0,27.666666666666668,4.0,2.6666666666666665
2022-01-01,2022,1,Q1,HP Pavilion 15,Mumbai,15,192,193,54,7,2,53,182,1,175,47,1.54,86.09,191,175,0,Shortage,High,267.0,229.0,242.0,54.0,43.333333333333336,3.0,2.3333333333333335
2022-01-01,2022,1,Q1,Lenovo IdeaPad Slim 3,Bangalore,15,247,287,69,6,3,67,248,1,243,81,3.1,80.78,249,232,0,Shortage,High,270.0,250.0,258.3333333333333,33.0,39.333333333333336,4.0,4.0
2022-01-01,2022,1,Q1,Lenovo IdeaPad Slim 3,Delhi,15,237,234,52,8,2,62,232,1,223,67,2.11,85.76,262,257,0,Shortage,High,312.0,314.0,313.6666666666667,52.0,57.0,2.0,1.3333333333333333
2022-01-01,2022,1,Q1,Lenovo IdeaPad Slim 3,Mumbai,15,230,238,36,7,3,67,186,1,218,73,3.39,81.27,242,258,0,Shortage,High,310.0,248.0,288.6666666666667,46.0,51.0,2.0,2.0
2022-02-01,2022,2,Q1,ASUS VivoBook 15,Bangalore,15,167,179,42,10,2,49,163,1,158,39,1.41,86.42,170,162,0,Shortage,High,177.0,219.0,203.66666666666666,30.0,39.0,2.0,2.0
2022-02-01,2022,2,Q1,ASUS VivoBook 15,Delhi,15,206,221,61,7,3,44,162,1,207,64,3.02,82.91,214,182,0,Shortage,High,170.0,245.0,230.66666666666666,12.0,32.0,4.0,3.0
2022-02-01,2022,2,Q1,ASUS VivoBook 15,Mumbai,15,177,167,43,9,3,38,161,1,165,49,3.12,82.33,198,178,0,Shortage,High,206.0,226.0,218.33333333333334,20.0,37.666666666666664,3.0,3.3333333333333335
2022-02-01,2022,2,Q1,Acer Aspire 5,Bangalore,15,157,135,28,10,2,32,143,1,139,33,2.05,84.01,160,149,0,Shortage,High,140.0,188.0,174.66666666666666,23.0,34.0,2.0,1.3333333333333333
2022-02-01,2022,2,Q1,Acer Aspire 5,Delhi,15,181,190,31,9,2,42,159,1,183,46,2.46,83.12,191,187,0,Shortage,High,183.0,211.0,213.0,27.0,35.333333333333336,2.0,2.6666666666666665
2022-02-01,2022,2,Q1,Acer Aspire 5,Mumbai,15,159,159,36,7,4,35,126,1,161,53,3.68,79.79,176,160,0,Shortage,High,147.0,222.0,201.66666666666666,34.0,42.666666666666664,3.0,3.3333333333333335
2022-02-01,2022,2,Q1,Dell Inspiron 15,Bangalore,15,207,193,45,8,5,53,210,1,190,72,4.12,76.45,208,201,0,Shortage,High,192.0,245.0,232.66666666666666,31.0,37.333333333333336,4.0,3.6666666666666665
2022-02-01,2022,2,Q1,Dell Inspiron 15,Delhi,15,218,192,26,7,0,56,206,1,223,46,1.62,83.6,244,259,0,Shortage,Medium,237.0,307.0,284.0,17.0,41.0,0.0,0.3333333333333333
2022-02-01,2022,2,Q1,Dell Inspiron 15,Mumbai,15,210,205,26,9,4,53,200,1,192,66,4.04,78.78,213,225,0,Shortage,High,210.0,276.0,261.0,62.0,44.0,3.0,2.0
2022-02-01,2022,2,Q1,HP Pavilion 15,Bangalore,15,181,176,27,7,3,38,180,1,177,48,2.97,81.02,200,196,0,Shortage,High,167.0,250.0,222.0,34.0,37.333333333333336,3.0,3.3333333333333335
2022-02-01,2022,2,Q1,HP Pavilion 15,Delhi,15,201,204,17,9,3,54,158,1,200,64,3.54,80.95,211,233,0,Shortage,High,195.0,258.0,235.66666666666666,40.0,32.0,4.0,3.3333333333333335
2022-02-01,2022,2,Q1,HP Pavilion 15,Mumbai,15,182,203,27,7,2,43,182,1,183,48,3.51,82.19,199,200,0,Shortage,High,192.0,230.0,229.66666666666666,54.0,47.0,2.0,2.3333333333333335
2022-02-01,2022,2,Q1,Lenovo IdeaPad Slim 3,Bangalore,15,204,202,45,6,2,41,161,1,190,53,2.1,84.81,225,206,0,Shortage,High,247.0,255.0,257.3333333333333,69.0,48.333333333333336,3.0,3.6666666666666665
2022-02-01,2022,2,Q1,Lenovo IdeaPad Slim 3,Delhi,15,241,227,44,7,0,50,199,1,229,56,1.69,79.81,257,248,0,Shortage,Medium,237.0,315.0,288.0,52.0,56.666666666666664,2.0,1.6666666666666667
2022-02-01,2022,2,Q1,Lenovo IdeaPad Slim 3,Mumbai,15,231,232,45,9,3,50,181,1,238,81,4.13,78.22,227,217,0,Shortage,High,230.0,308.0,282.6666666666667,36.0,54.333333333333336,3.0,2.3333333333333335
2022-03-01,2022,3,Q1,ASUS VivoBook 15,Bangalore,15,179,168,41,7,3,33,172,1,159,44,4.48,77.96,180,157,0,Shortage,High,167.0,215.0,186.33333333333334,42.0,34.666666666666664,2.0,2.0
2022-03-01,2022,3,Q1,ASUS VivoBook 15,Delhi,15,207,189,36,7,2,52,176,1,183,49,3.32,77.31,225,226,0,Shortage,High,206.0,277.0,217.66666666666666,61.0,38.333333333333336,3.0,3.3333333333333335
2022-03-01,2022,3,Q1,ASUS VivoBook 15,Mumbai,15,165,165,20,8,2,38,154,1,160,42,3.23,82.65,172,175,0,Shortage,High,177.0,223.0,202.0,43.0,33.333333333333336,3.0,3.3333333333333335
2022-03-01,2022,3,Q1,Acer Aspire 5,Bangalore,15,176,146,10,6,7,51,171,1,173,63,6.04,73.9,193,219,0,Shortage,High,157.0,196.0,164.33333333333334,28.0,30.0,2.0,1.6666666666666667
2022-03-01,2022,3,Q1,Acer Aspire 5,Delhi,15,180,185,49,7,2,41,182,1,163,38,1.67,88.45,189,166,0,Shortage,High,181.0,245.0,203.0,31.0,27.333333333333332,2.0,2.6666666666666665
2022-03-01,2022,3,Q1,Acer Aspire 5,Mumbai,15,182,177,39,7,4,42,183,1,185,59,3.38,79.28,201,189,0,Shortage,High,159.0,236.0,180.66666666666666,36.0,35.333333333333336,4.0,3.3333333333333335
2022-03-01,2022,3,Q1,Dell Inspiron 15,Bangalore,15,216,236,39,8,5,62,195,1,207,79,4.36,78.47,235,243,0,Shortage,High,207.0,261.0,220.0,45.0,35.333333333333336,5.0,4.333333333333333
2022-03-01,2022,3,Q1,Dell Inspiron 15,Delhi,15,221,221,24,9,2,61,186,1,225,65,2.12,84.68,215,237,0,Shortage,High,218.0,308.0,254.33333333333334,26.0,36.0,0.0,0.0
2022-03-01,2022,3,Q1,Dell Inspiron 15,Mumbai,15,231,198,48,7,4,61,186,1,206,74,5.15,77.14,223,221,0,Shortage,High,210.0,297.0,239.0,26.0,41.0,4.0,2.6666666666666665
2022-03-01,2022,3,Q1,HP Pavilion 15,Bangalore,15,199,220,19,8,2,47,184,1,202,57,2.42,82.21,193,206,0,Shortage,High,181.0,249.0,199.0,27.0,32.0,3.0,3.3333333333333335
2022-03-01,2022,3,Q1,HP Pavilion 15,Delhi,15,226,225,25,7,3,67,223,1,218,73,4.87,76.22,217,244,0,Shortage,High,201.0,254.0,216.66666666666666,17.0,26.0,3.0,3.6666666666666665
2022-03-01,2022,3,Q1,HP Pavilion 15,Mumbai,15,224,216,25,9,0,46,227,1,218,46,1.26,84.84,243,249,0,Shortage,Medium,182.0,267.0,213.66666666666666,27.0,45.0,2.0,2.3333333333333335
2022-03-01,2022,3,Q1,Lenovo IdeaPad Slim 3,Bangalore,15,226,225,49,7,3,52,192,1,212,71,2.98,81.25,244,232,0,Shortage,High,204.0,270.0,240.33333333333334,45.0,49.0,2.0,3.0
2022-03-01,2022,3,Q1,Lenovo IdeaPad Slim 3,Delhi,15,270,271,44,9,0,65,240,1,270,70,0.7,86.69,275,281,0,Shortage,Medium,241.0,312.0,263.3333333333333,44.0,49.333333333333336,0.0,1.3333333333333333
2022-03-01,2022,3,Q1,Lenovo IdeaPad Slim 3,Mumbai,15,277,269,15,8,6,67,250,1,284,107,5.15,77.62,283,320,0,Shortage,High,231.0,310.0,257.0,45.0,42.333333333333336,3.0,2.6666666666666665
2022-04-01,2022,4,Q2,ASUS VivoBook 15,Bangalore,15,187,177,46,8,2,37,154,1,175,46,2.74,81.59,189,165,0,Shortage,High,179.0,177.0,174.33333333333334,41.0,37.666666666666664,3.0,2.3333333333333335
2022-04-01,2022,4,Q2,ASUS VivoBook 15,Delhi,15,226,233,32,6,2,60,179,1,207,62,3.52,79.28,237,250,0,Shortage,High,207.0,170.0,194.33333333333334,36.0,36.333333333333336,2.0,3.0
2022-04-01,2022,4,Q2,ASUS VivoBook 15,Mumbai,15,167,149,15,7,4,30,142,1,152,49,4.56,79.31,185,185,0,Shortage,High,165.0,206.0,182.66666666666666,20.0,27.666666666666668,2.0,2.6666666666666665
2022-04-01,2022,4,Q2,Acer Aspire 5,Bangalore,15,166,134,21,8,6,46,141,1,150,58,6.56,69.77,184,194,0,Shortage,High,176.0,140.0,157.66666666666666,10.0,20.333333333333332,7.0,3.6666666666666665
2022-04-01,2022,4,Q2,Acer Aspire 5,Delhi,15,185,196,23,9,3,52,176,1,184,54,2.6,83.07,191,205,0,Shortage,High,180.0,183.0,181.33333333333334,49.0,35.666666666666664,2.0,2.0
2022-04-01,2022,4,Q2,Acer Aspire 5,Mumbai,15,171,161,21,9,4,36,154,1,175,56,5.49,77.14,187,187,0,Shortage,High,182.0,147.0,162.66666666666666,39.0,36.333333333333336,4.0,3.6666666666666665
2022-04-01,2022,4,Q2,Dell Inspiron 15,Bangalore,15,228,230,37,6,3,62,219,1,233,78,3.6,80.29,225,235,0,Shortage,High,216.0,192.0,205.0,39.0,38.333333333333336,5.0,4.666666666666667
2022-04-01,2022,4,Q2,Dell Inspiron 15,Delhi,15,269,253,51,6,2,78,236,1,274,90,3.17,79.16,280,292,0,Shortage,High,221.0,237.0,225.33333333333334,24.0,22.333333333333332,2.0,0.6666666666666666
2022-04-01,2022,4,Q2,Dell Inspiron 15,Mumbai,15,235,227,32,5,4,50,218,1,231,85,5.19,80.87,232,235,0,Shortage,High,231.0,210.0,217.0,48.0,45.333333333333336,4.0,3.6666666666666665
2022-04-01,2022,4,Q2,HP Pavilion 15,Bangalore,15,211,202,48,7,1,40,213,1,213,53,2.2,81.12,227,204,0,Shortage,High,199.0,167.0,182.33333333333334,19.0,26.666666666666668,2.0,2.6666666666666665
2022-04-01,2022,4,Q2,HP Pavilion 15,Delhi,15,223,233,37,9,3,55,198,1,198,64,4.17,79.8,234,237,0,Shortage,High,226.0,195.0,207.33333333333334,25.0,27.333333333333332,3.0,3.3333333333333335
2022-04-01,2022,4,Q2,HP Pavilion 15,Mumbai,15,195,187,16,7,1,53,193,1,181,44,1.85,83.61,193,215,0,Shortage,High,224.0,192.0,199.33333333333334,25.0,35.333333333333336,0.0,1.3333333333333333
2022-04-01,2022,4,Q2,Lenovo IdeaPad Slim 3,Bangalore,15,226,238,29,6,2,55,201,1,230,67,2.74,84.39,231,242,0,Shortage,High,226.0,247.0,225.66666666666666,49.0,54.333333333333336,3.0,2.6666666666666665
2022-04-01,2022,4,Q2,Lenovo IdeaPad Slim 3,Delhi,15,262,279,69,6,1,51,239,1,263,73,1.66,86.43,249,216,0,Shortage,High,270.0,237.0,249.33333333333334,44.0,46.666666666666664,0.0,0.6666666666666666
2022-04-01,2022,4,Q2,Lenovo IdeaPad Slim 3,Mumbai,15,236,226,38,7,5,55,194,1,240,92,6.01,74.26,239,241,0,Shortage,High,277.0,230.0,246.0,15.0,32.0,6.0,4.0
2022-05-01,2022,5,Q2,ASUS VivoBook 15,Bangalore,15,183,185,21,7,3,39,149,1,171,54,2.64,83.69,196,199,0,Shortage,High,187.0,167.0,177.66666666666666,46.0,43.0,2.0,2.3333333333333335
2022-05-01,2022,5,Q2,ASUS VivoBook 15,Delhi,15,214,238,64,8,2,57,186,1,202,55,2.46,83.58,204,182,0,Shortage,High,226.0,206.0,213.0,32.0,43.0,2.0,2.3333333333333335
2022-05-01,2022,5,Q2,ASUS VivoBook 15,Mumbai,15,184,189,37,7,4,35,182,1,165,55,4.04,74.44,191,174,0,Shortage,High,167.0,177.0,169.66666666666666,15.0,26.0,4.0,3.0
2022-05-01,2022,5,Q2,Acer Aspire 5,Bangalore,15,166,157,26,6,6,47,160,1,164,60,5.86,74.03,166,172,0,Shortage,High,166.0,157.0,166.33333333333334,21.0,19.666666666666668,6.0,5.0
2022-05-01,2022,5,Q2,Acer Aspire 5,Delhi,15,192,185,27,7,5,42,182,1,199,76,4.93,78.51,207,207,0,Shortage,High,185.0,181.0,182.0,23.0,34.333333333333336,3.0,2.3333333333333335
2022-05-01,2022,5,Q2,Acer Aspire 5,Mumbai,15,174,181,29,9,4,36,137,1,178,58,4.7,80.18,188,180,0,Shortage,High,171.0,159.0,170.66666666666666,21.0,32.0,4.0,4.0
2022-05-01,2022,5,Q2,Dell Inspiron 15,Bangalore,15,238,226,24,6,1,61,197,1,212,56,1.38,87.63,251,273,0,Shortage,High,228.0,207.0,217.0,37.0,40.333333333333336,3.0,4.333333333333333
2022-05-01,2022,5,Q2,Dell Inspiron 15,Delhi,15,245,243,47,7,0,52,245,1,237,55,1.03,87.47,249,239,0,Shortage,Medium,269.0,218.0,236.0,51.0,33.666666666666664,2.0,1.3333333333333333
2022-05-01,2022,5,Q2,Dell Inspiron 15,Mumbai,15,266,253,54,7,3,53,212,1,247,93,4.08,80.19,288,272,0,Shortage,High,235.0,210.0,225.33333333333334,32.0,35.333333333333336,4.0,4.0
2022-05-01,2022,5,Q2,HP Pavilion 15,Bangalore,15,206,210,41,7,0,42,180,1,203,42,2.02,83.83,229,215,0,Shortage,Medium,211.0,181.0,197.0,48.0,31.333333333333332,1.0,2.0
2022-05-01,2022,5,Q2,HP Pavilion 15,Delhi,15,213,209,45,8,2,61,210,1,214,58,2.48,82.83,235,236,0,Shortage,High,223.0,201.0,216.66666666666666,37.0,26.333333333333332,3.0,3.0
2022-05-01,2022,5,Q2,HP Pavilion 15,Mumbai,15,209,228,19,6,1,61,174,1,210,55,1.5,84.29,218,245,0,Shortage,High,195.0,182.0,200.33333333333334,16.0,22.666666666666668,1.0,1.0
2022-05-01,2022,5,Q2,Lenovo IdeaPad Slim 3,Bangalore,15,211,223,48,7,2,39,211,1,205,58,2.01,85.65,230,206,0,Shortage,High,226.0,204.0,218.66666666666666,29.0,41.0,2.0,2.3333333333333335
2022-05-01,2022,5,Q2,Lenovo IdeaPad Slim 3,Delhi,15,300,299,47,8,2,62,237,1,297,105,4.01,80.52,328,328,0,Shortage,High,262.0,241.0,257.6666666666667,69.0,52.333333333333336,1.0,0.3333333333333333
2022-05-01,2022,5,Q2,Lenovo IdeaPad Slim 3,Mumbai,15,256,269,41,7,4,50,236,1,264,102,4.73,76.44,273,267,0,Shortage,High,236.0,231.0,248.0,38.0,32.666666666666664,5.0,4.666666666666667
2022-06-01,2022,6,Q2,ASUS VivoBook 15,Bangalore,15,158,160,21,7,2,39,135,1,149,34,2.23,83.02,160,163,0,Shortage,High,183.0,179.0,183.0,21.0,36.0,3.0,2.6666666666666665
2022-06-01,2022,6,Q2,ASUS VivoBook 15,Delhi,15,179,198,22,8,1,32,159,1,164,34,1.51,86.72,187,182,0,Shortage,Medium,214.0,207.0,215.66666666666666,64.0,44.0,2.0,2.0
2022-06-01,2022,6,Q2,ASUS VivoBook 15,Mumbai,15,180,186,46,6,3,49,166,1,186,58,4.61,75.75,178,166,0,Shortage,High,184.0,165.0,172.0,37.0,24.0,4.0,3.3333333333333335
2022-06-01,2022,6,Q2,Acer Aspire 5,Bangalore,15,153,147,1,9,6,43,156,1,139,55,6.83,72.5,166,193,0,Shortage,High,166.0,176.0,169.33333333333334,26.0,19.0,6.0,6.333333333333333
2022-06-01,2022,6,Q2,Acer Aspire 5,Delhi,15,198,201,37,7,5,39,160,1,193,72,6.0,70.02,214,201,0,Shortage,High,192.0,180.0,185.66666666666666,27.0,33.0,5.0,3.3333333333333335
2022-06-01,2022,6,Q2,Acer Aspire 5,Mumbai,15,170,172,40,8,4,36,165,1,162,52,5.2,74.72,168,149,0,Shortage,High,174.0,182.0,175.66666666666666,29.0,29.666666666666668,4.0,4.0
2022-06-01,2022,6,Q2,Dell Inspiron 15,Bangalore,15,214,206,45,7,2,62,208,1,222,64,2.35,85.62,214,216,0,Shortage,High,238.0,216.0,227.33333333333334,24.0,33.333333333333336,1.0,3.0
2022-06-01,2022,6,Q2,Dell Inspiron 15,Delhi,15,251,209,48,6,3,71,197,1,238,81,4.19,78.94,279,287,0,Shortage,High,245.0,221.0,245.0,47.0,40.666666666666664,0.0,1.3333333333333333
2022-06-01,2022,6,Q2,Dell Inspiron 15,Mumbai,15,214,217,35,6,2,52,170,1,191,55,3.2,81.56,238,240,0,Shortage,High,266.0,231.0,244.0,54.0,44.666666666666664,3.0,3.6666666666666665
2022-06-01,2022,6,Q2,HP Pavilion 15,Bangalore,15,186,190,29,6,0,43,181,1,182,36,0.17,88.97,193,192,0,Shortage,Medium,206.0,199.0,205.33333333333334,41.0,36.0,0.0,1.0
2022-06-01,2022,6,Q2,HP Pavilion 15,Delhi,15,238,232,52,6,3,52,214,1,224,78,4.05,78.17,263,248,0,Shortage,High,213.0,226.0,220.66666666666666,45.0,35.666666666666664,2.0,2.6666666666666665
2022-06-01,2022,6,Q2,HP Pavilion 15,Mumbai,15,206,212,41,7,2,38,202,1,203,53,1.4,88.63,198,180,0,Shortage,High,209.0,224.0,209.33333333333334,19.0,20.0,1.0,0.6666666666666666
2022-06-01,2022,6,Q2,Lenovo IdeaPad Slim 3,Bangalore,15,227,225,30,7,1,57,222,1,209,54,2.11,82.15,252,264,0,Shortage,High,211.0,226.0,221.0,48.0,42.0,2.0,2.3333333333333335
2022-06-01,2022,6,Q2,Lenovo IdeaPad Slim 3,Delhi,15,282,282,30,6,2,77,252,1,287,99,3.28,79.39,311,343,0,Shortage,High,300.0,270.0,277.3333333333333,47.0,53.333333333333336,2.0,1.0
2022-06-01,2022,6,Q2,Lenovo IdeaPad Slim 3,Mumbai,15,259,259,36,7,4,56,240,1,265,99,4.84,74.35,287,292,0,Shortage,High,256.0,277.0,256.3333333333333,41.0,31.333333333333332,4.0,5.0
2022-07-01,2022,7,Q3,ASUS VivoBook 15,Bangalore,15,198,205,40,7,2,57,170,1,199,52,2.63,79.9,195,197,0,Shortage,High,158.0,187.0,176.0,21.0,29.333333333333332,2.0,2.3333333333333335
2022-07-01,2022,7,Q3,ASUS VivoBook 15,Delhi,15,218,220,26,9,2,61,192,1,207,58,3.18,78.81,207,227,0,Shortage,High,179.0,226.0,206.33333333333334,22.0,39.333333333333336,1.0,1.6666666666666667
2022-07-01,2022,7,Q3,ASUS VivoBook 15,Mumbai,15,197,192,42,5,2,39,184,1,199,54,2.38,84.93,217,199,0,Shortage,High,180.0,167.0,177.0,46.0,32.666666666666664,3.0,3.6666666666666665
2022-07-01,2022,7,Q3,Acer Aspire 5,Bangalore,15,173,162,18,7,6,40,136,1,168,64,6.34,73.73,192,199,0,Shortage,High,153.0,166.0,161.66666666666666,1.0,16.0,6.0,6.0
2022-07-01,2022,7,Q3,Acer Aspire 5,Delhi,15,215,193,13,7,5,49,214,1,223,84,5.09,75.55,238,259,0,Shortage,High,198.0,185.0,191.66666666666666,37.0,29.0,5.0,4.333333333333333
2022-07-01,2022,7,Q3,Acer Aspire 5,Mumbai,15,174,157,30,9,4,50,166,1,164,57,5.19,75.6,180,185,0,Shortage,High,170.0,171.0,171.66666666666666,40.0,30.0,4.0,4.0
2022-07-01,2022,7,Q3,Dell Inspiron 15,Bangalore,15,221,217,44,7,2,64,220,1,214,61,1.83,83.59,228,233,0,Shortage,High,214.0,228.0,226.66666666666666,45.0,35.333333333333336,2.0,2.0
2022-07-01,2022,7,Q3,Dell Inspiron 15,Delhi,15,244,236,53,5,3,56,239,1,237,76,3.64,77.75,237,225,0,Shortage,High,251.0,269.0,255.0,48.0,48.666666666666664,3.0,1.6666666666666667
2022-07-01,2022,7,Q3,Dell Inspiron 15,Mumbai,15,237,229,56,6,1,58,225,1,229,60,2.6,79.46,229,216,0,Shortage,High,214.0,235.0,238.33333333333334,35.0,40.333333333333336,2.0,3.0
2022-07-01,2022,7,Q3,HP Pavilion 15,Bangalore,15,214,209,27,9,2,49,206,1,198,59,2.55,80.86,223,230,0,Shortage,High,186.0,211.0,201.0,29.0,39.333333333333336,0.0,0.3333333333333333
2022-07-01,2022,7,Q3,HP Pavilion 15,Delhi,15,229,228,57,6,4,44,202,1,233,85,4.36,79.89,242,214,0,Shortage,High,238.0,223.0,224.66666666666666,52.0,44.666666666666664,3.0,2.6666666666666665
2022-07-01,2022,7,Q3,HP Pavilion 15,Mumbai,15,201,207,18,7,3,41,205,1,183,60,4.02,79.14,202,210,0,Shortage,High,206.0,195.0,203.33333333333334,41.0,25.333333333333332,2.0,1.3333333333333333
2022-07-01,2022,7,Q3,Lenovo IdeaPad Slim 3,Bangalore,15,232,263,67,8,1,45,226,1,220,59,2.0,85.79,242,205,0,Shortage,High,227.0,226.0,221.33333333333334,30.0,35.666666666666664,1.0,1.6666666666666667
2022-07-01,2022,7,Q3,Lenovo IdeaPad Slim 3,Delhi,15,281,264,55,6,2,79,279,1,262,87,2.66,84.81,308,317,0,Shortage,High,282.0,262.0,281.3333333333333,30.0,48.666666666666664,2.0,1.6666666666666667
2022-07-01,2022,7,Q3,Lenovo IdeaPad Slim 3,Mumbai,15,252,270,59,6,3,46,210,1,252,91,4.08,77.26,281,253,0,Shortage,High,259.0,236.0,250.33333333333334,36.0,38.333333333333336,4.0,4.333333333333333
2022-08-01,2022,8,Q3,ASUS VivoBook 15,Bangalore,15,179,189,35,9,2,37,147,1,161,40,1.93,87.93,187,174,0,Shortage,High,198.0,183.0,179.66666666666666,40.0,27.333333333333332,2.0,2.3333333333333335
2022-08-01,2022,8,Q3,ASUS VivoBook 15,Delhi,15,227,225,54,8,3,59,231,1,229,76,3.41,80.66,250,240,0,Shortage,High,218.0,214.0,203.66666666666666,26.0,37.333333333333336,2.0,1.6666666666666667
2022-08-01,2022,8,Q3,ASUS VivoBook 15,Mumbai,15,221,229,63,8,0,40,215,1,199,46,2.0,80.67,247,209,0,Shortage,Medium,197.0,184.0,187.0,42.0,41.666666666666664,2.0,3.0
2022-08-01,2022,8,Q3,Acer Aspire 5,Bangalore,15,176,151,25,7,7,44,141,1,160,60,7.24,67.87,170,174,0,Shortage,High,173.0,166.0,164.0,18.0,15.0,6.0,6.0
2022-08-01,2022,8,Q3,Acer Aspire 5,Delhi,15,193,170,10,7,4,55,183,1,200,66,5.3,76.82,206,236,0,Shortage,High,215.0,192.0,201.66666666666666,13.0,25.666666666666668,5.0,5.0
2022-08-01,2022,8,Q3,Acer Aspire 5,Mumbai,15,199,195,26,8,3,58,199,1,207,65,3.23,79.77,217,234,0,Shortage,High,174.0,174.0,172.66666666666666,30.0,33.0,4.0,4.0
2022-08-01,2022,8,Q3,Dell Inspiron 15,Bangalore,15,234,242,61,6,2,45,190,1,219,66,2.21,85.44,260,229,0,Shortage,High,221.0,238.0,224.33333333333334,44.0,37.666666666666664,2.0,1.6666666666666667
2022-08-01,2022,8,Q3,Dell Inspiron 15,Delhi,15,255,239,45,8,7,71,241,1,230,88,6.35,70.45,244,255,0,Shortage,High,244.0,245.0,246.66666666666666,53.0,49.333333333333336,3.0,2.0
2022-08-01,2022,8,Q3,Dell Inspiron 15,Mumbai,15,231,218,39,7,0,49,233,1,230,54,0.39,91.53,230,225,0,Shortage,Medium,237.0,266.0,239.0,56.0,48.333333333333336,1.0,2.0
2022-08-01,2022,8,Q3,HP Pavilion 15,Bangalore,15,195,198,37,8,1,55,195,1,175,38,1.98,81.53,200,203,0,Shortage,Medium,214.0,206.0,202.0,27.0,32.333333333333336,2.0,0.6666666666666666
2022-08-01,2022,8,Q3,HP Pavilion 15,Delhi,15,240,233,18,9,3,63,202,1,244,88,3.6,76.25,251,281,0,Shortage,High,229.0,213.0,226.66666666666666,57.0,51.333333333333336,4.0,3.0
2022-08-01,2022,8,Q3,HP Pavilion 15,Mumbai,15,217,213,28,8,2,58,202,1,201,56,1.57,85.12,217,232,0,Shortage,High,201.0,209.0,205.33333333333334,18.0,26.0,3.0,2.0
2022-08-01,2022,8,Q3,Lenovo IdeaPad Slim 3,Bangalore,15,260,269,49,8,1,71,254,1,268,78,1.98,83.93,281,288,0,Shortage,High,232.0,211.0,223.33333333333334,67.0,48.333333333333336,1.0,1.3333333333333333
2022-08-01,2022,8,Q3,Lenovo IdeaPad Slim 3,Delhi,15,299,308,73,6,1,78,254,1,298,94,2.45,78.73,328,318,0,Shortage,High,281.0,300.0,287.6666666666667,55.0,44.0,2.0,2.0
2022-08-01,2022,8,Q3,Lenovo IdeaPad Slim 3,Mumbai,15,297,300,26,7,4,68,244,1,309,117,4.25,83.27,294,321,0,Shortage,High,252.0,256.0,255.66666666666666,59.0,45.333333333333336,3.0,3.6666666666666665
2022-09-01,2022,9,Q3,ASUS VivoBook 15,Bangalore,15,168,161,7,7,2,44,155,1,150,36,2.3,85.2,170,192,0,Shortage,High,179.0,158.0,178.33333333333334,35.0,32.0,2.0,2.0
2022-09-01,2022,9,Q3,ASUS VivoBook 15,Delhi,15,187,195,49,7,3,35,167,1,187,55,2.19,82.83,197,168,0,Shortage,High,227.0,179.0,208.0,54.0,34.0,3.0,2.0
2022-09-01,2022,9,Q3,ASUS VivoBook 15,Mumbai,15,197,175,25,9,3,38,159,1,193,60,3.57,79.39,210,208,0,Shortage,High,221.0,180.0,199.33333333333334,63.0,50.333333333333336,0.0,1.6666666666666667
2022-09-01,2022,9,Q3,Acer Aspire 5,Bangalore,15,178,185,18,8,5,49,144,1,157,58,5.63,75.21,180,196,0,Shortage,High,176.0,153.0,167.33333333333334,25.0,14.666666666666666,7.0,6.333333333333333
2022-09-01,2022,9,Q3,Acer Aspire 5,Delhi,15,217,217,41,6,4,48,188,1,225,83,5.13,74.39,208,200,0,Shortage,High,193.0,198.0,202.0,10.0,20.0,4.0,4.666666666666667
2022-09-01,2022,9,Q3,Acer Aspire 5,Mumbai,15,207,169,21,7,3,55,196,1,197,59,3.75,75.56,230,249,0,Shortage,High,199.0,170.0,181.0,26.0,32.0,3.0,3.6666666666666665
2022-09-01,2022,9,Q3,Dell Inspiron 15,Bangalore,15,232,212,34,7,2,58,196,1,239,70,3.21,83.13,257,266,0,Shortage,High,234.0,214.0,223.0,61.0,50.0,2.0,2.0
2022-09-01,2022,9,Q3,Dell Inspiron 15,Delhi,15,249,223,34,7,6,66,254,1,247,94,5.97,72.99,265,282,0,Shortage,High,255.0,251.0,250.0,45.0,48.666666666666664,7.0,4.333333333333333
2022-09-01,2022,9,Q3,Dell Inspiron 15,Mumbai,15,242,204,60,6,1,46,204,1,225,64,1.22,85.39,236,207,0,Shortage,High,231.0,214.0,227.33333333333334,39.0,43.333333333333336,0.0,1.0
2022-09-01,2022,9,Q3,HP Pavilion 15,Bangalore,15,200,179,50,8,0,47,191,1,207,41,1.23,89.13,199,181,0,Shortage,Medium,195.0,186.0,198.33333333333334,37.0,31.0,1.0,1.0
2022-09-01,2022,9,Q3,HP Pavilion 15,Delhi,15,209,220,36,7,3,59,186,1,195,63,2.82,80.6,201,209,0,Shortage,High,240.0,238.0,235.66666666666666,18.0,42.333333333333336,3.0,3.3333333333333335
2022-09-01,2022,9,Q3,HP Pavilion 15,Mumbai,15,215,205,44,6,3,53,191,1,201,65,4.52,73.67,236,230,0,Shortage,High,217.0,206.0,208.0,28.0,29.0,2.0,2.3333333333333335
2022-09-01,2022,9,Q3,Lenovo IdeaPad Slim 3,Bangalore,15,255,239,33,6,0,73,244,1,235,59,0.97,85.32,275,300,0,Shortage,Medium,260.0,227.0,239.66666666666666,49.0,48.666666666666664,1.0,1.0
2022-09-01,2022,9,Q3,Lenovo IdeaPad Slim 3,Delhi,15,254,254,35,8,1,63,256,1,250,69,2.47,81.81,256,269,0,Shortage,High,299.0,282.0,287.3333333333333,73.0,52.666666666666664,1.0,1.6666666666666667
2022-09-01,2022,9,Q3,Lenovo IdeaPad Slim 3,Mumbai,15,229,237,15,7,4,62,211,1,209,76,4.18,81.99,242,274,0,Shortage,High,297.0,259.0,269.3333333333333,26.0,40.333333333333336,4.0,3.6666666666666665
2022-10-01,2022,10,Q4,ASUS VivoBook 15,Bangalore,15,201,191,53,6,4,47,164,1,204,75,3.83,74.94,200,179,0,Shortage,High,168.0,198.0,181.66666666666666,7.0,27.333333333333332,2.0,2.0
2022-10-01,2022,10,Q4,ASUS VivoBook 15,Delhi,15,222,234,33,7,3,55,200,1,203,65,4.5,79.11,247,254,0,Shortage,High,187.0,218.0,210.66666666666666,49.0,43.0,3.0,2.6666666666666665
2022-10-01,2022,10,Q4,ASUS VivoBook 15,Mumbai,15,198,190,39,8,4,39,180,1,191,62,3.86,78.18,222,207,0,Shortage,High,197.0,197.0,205.0,25.0,43.333333333333336,3.0,1.6666666666666667
2022-10-01,2022,10,Q4,Acer Aspire 5,Bangalore,15,174,157,24,9,5,39,145,1,156,57,5.23,75.13,172,172,0,Shortage,High,178.0,173.0,175.66666666666666,18.0,20.333333333333332,5.0,6.0
2022-10-01,2022,10,Q4,Acer Aspire 5,Delhi,15,216,201,44,7,3,55,216,1,190,61,3.56,81.16,231,227,0,Shortage,High,217.0,215.0,208.33333333333334,41.0,21.333333333333332,4.0,4.333333333333333
2022-10-01,2022,10,Q4,Acer Aspire 5,Mumbai,15,194,186,24,7,2,42,159,1,195,51,2.12,84.06,191,194,0,Shortage,High,207.0,174.0,193.33333333333334,21.0,25.666666666666668,3.0,3.3333333333333335
2022-10-01,2022,10,Q4,Dell Inspiron 15,Bangalore,15,240,257,69,5,2,55,231,1,225,68,2.58,79.97,253,224,0,Shortage,High,232.0,221.0,229.0,34.0,46.333333333333336,2.0,2.0
2022-10-01,2022,10,Q4,Dell Inspiron 15,Delhi,15,251,281,28,9,4,55,200,1,240,91,5.39,74.64,253,265,0,Shortage,High,249.0,244.0,249.33333333333334,34.0,44.0,6.0,5.333333333333333
2022-10-01,2022,10,Q4,Dell Inspiron 15,Mumbai,15,243,234,40,7,2,72,235,1,252,79,3.27,83.47,263,280,0,Shortage,High,242.0,237.0,236.66666666666666,60.0,51.666666666666664,1.0,0.6666666666666666
2022-10-01,2022,10,Q4,HP Pavilion 15,Bangalore,15,193,214,36,7,2,42,182,1,176,48,2.62,79.45,188,179,0,Shortage,High,200.0,214.0,203.0,50.0,38.0,0.0,1.0
2022-10-01,2022,10,Q4,HP Pavilion 15,Delhi,15,261,242,48,9,3,78,217,1,262,91,4.28,77.43,252,267,0,Shortage,High,209.0,229.0,226.0,36.0,37.0,3.0,3.3333333333333335
2022-10-01,2022,10,Q4,HP Pavilion 15,Mumbai,15,227,235,39,8,3,57,182,1,221,75,2.75,81.49,251,254,0,Shortage,High,215.0,201.0,211.0,44.0,30.0,3.0,2.6666666666666665
2022-10-01,2022,10,Q4,Lenovo IdeaPad Slim 3,Bangalore,15,267,263,56,8,0,53,261,1,271,68,0.92,87.87,270,252,0,Shortage,Medium,255.0,232.0,249.0,33.0,49.666666666666664,0.0,0.6666666666666666
2022-10-01,2022,10,Q4,Lenovo IdeaPad Slim 3,Delhi,15,304,312,80,7,1,90,262,1,292,90,2.42,79.98,323,318,0,Shortage,High,254.0,281.0,278.0,35.0,54.333333333333336,1.0,1.3333333333333333
2022-10-01,2022,10,Q4,Lenovo IdeaPad Slim 3,Mumbai,15,260,273,24,7,4,53,244,1,242,89,4.55,75.48,283,297,0,Shortage,High,229.0,252.0,259.3333333333333,15.0,33.333333333333336,4.0,3.6666666666666665
2022-11-01,2022,11,Q4,ASUS VivoBook 15,Bangalore,15,204,216,43,6,4,43,195,1,186,66,4.4,78.28,216,201,0,Shortage,High,201.0,179.0,182.66666666666666,53.0,31.666666666666668,4.0,2.6666666666666665
2022-11-01,2022,11,Q4,ASUS VivoBook 15,Delhi,15,262,241,19,6,4,54,248,1,238,90,3.43,81.03,262,282,0,Shortage,High,222.0,227.0,212.0,33.0,45.333333333333336,3.0,3.0
2022-11-01,2022,11,Q4,ASUS VivoBook 15,Mumbai,15,219,227,38,7,5,57,194,1,219,82,4.94,75.98,211,215,0,Shortage,High,198.0,221.0,205.33333333333334,39.0,42.333333333333336,4.0,2.3333333333333335
2022-11-01,2022,11,Q4,Acer Aspire 5,Bangalore,15,194,194,36,8,4,42,161,1,176,59,3.27,81.78,192,183,0,Shortage,High,174.0,176.0,176.0,24.0,22.333333333333332,5.0,5.666666666666667
2022-11-01,2022,11,Q4,Acer Aspire 5,Delhi,15,218,232,49,8,4,55,178,1,197,67,4.25,76.1,235,226,0,Shortage,High,216.0,193.0,208.66666666666666,44.0,31.666666666666668,3.0,3.6666666666666665
2022-11-01,2022,11,Q4,Acer Aspire 5,Mumbai,15,221,184,17,7,4,44,207,1,198,71,4.26,77.65,237,249,0,Shortage,High,194.0,199.0,200.0,24.0,23.666666666666668,2.0,2.6666666666666665
2022-11-01,2022,11,Q4,Dell Inspiron 15,Bangalore,15,223,201,22,6,5,56,175,1,203,78,4.51,74.71,214,233,0,Shortage,High,240.0,234.0,235.33333333333334,69.0,54.666666666666664,2.0,2.0
2022-11-01,2022,11,Q4,Dell Inspiron 15,Delhi,15,293,301,68,7,3,60,252,1,304,115,5.07,76.1,316,293,0,Shortage,High,251.0,255.0,251.66666666666666,28.0,35.666666666666664,4.0,5.666666666666667
2022-11-01,2022,11,Q4,Dell Inspiron 15,Mumbai,15,284,281,59,6,2,84,235,1,295,98,2.22,80.19,308,318,0,Shortage,High,243.0,231.0,238.66666666666666,40.0,46.333333333333336,2.0,1.0
2022-11-01,2022,11,Q4,HP Pavilion 15,Bangalore,15,245,216,26,8,1,60,214,1,251,69,2.35,81.18,242,261,0,Shortage,High,193.0,195.0,196.0,36.0,41.0,2.0,1.0
2022-11-01,2022,11,Q4,HP Pavilion 15,Delhi,15,260,253,23,8,4,60,262,1,233,92,5.14,74.8,275,297,0,Shortage,High,261.0,240.0,236.66666666666666,48.0,34.0,3.0,3.0
2022-11-01,2022,11,Q4,HP Pavilion 15,Mumbai,15,266,278,66,6,4,68,264,1,245,94,4.69,77.72,270,257,0,Shortage,High,227.0,217.0,219.66666666666666,39.0,37.0,3.0,2.6666666666666665
2022-11-01,2022,11,Q4,Lenovo IdeaPad Slim 3,Bangalore,15,296,316,63,6,0,80,266,1,286,76,1.75,83.81,318,320,0,Shortage,Medium,267.0,260.0,260.6666666666667,56.0,46.0,0.0,0.3333333333333333
2022-11-01,2022,11,Q4,Lenovo IdeaPad Slim 3,Delhi,15,313,326,58,7,1,72,250,1,297,99,3.42,74.33,312,311,0,Shortage,High,304.0,299.0,285.6666666666667,80.0,62.666666666666664,1.0,1.0
2022-11-01,2022,11,Q4,Lenovo IdeaPad Slim 3,Mumbai,15,270,292,72,8,3,77,228,1,250,90,4.17,80.68,260,250,0,Shortage,High,260.0,297.0,262.0,24.0,21.666666666666668,4.0,4.0
2022-12-01,2022,12,Q4,ASUS VivoBook 15,Bangalore,15,241,227,25,8,4,52,204,1,241,88,3.76,79.38,251,263,0,Shortage,High,204.0,168.0,191.0,43.0,34.333333333333336,4.0,3.3333333333333335
2022-12-01,2022,12,Q4,ASUS VivoBook 15,Delhi,15,260,251,24,7,4,73,257,1,263,101,4.65,70.85,271,305,0,Shortage,High,262.0,187.0,223.66666666666666,19.0,33.666666666666664,4.0,3.3333333333333335
2022-12-01,2022,12,Q4,ASUS VivoBook 15,Mumbai,15,241,233,38,7,4,71,213,1,232,89,4.83,76.09,247,265,0,Shortage,High,219.0,197.0,204.66666666666666,38.0,34.0,5.0,4.0
2022-12-01,2022,12,Q4,Acer Aspire 5,Bangalore,15,212,199,46,7,5,51,169,1,218,84,5.42,74.87,215,205,0,Shortage,High,194.0,178.0,182.0,36.0,26.0,4.0,4.666666666666667
2022-12-01,2022,12,Q4,Acer Aspire 5,Delhi,15,238,206,35,8,4,63,241,1,247,91,4.75,75.2,229,242,0,Shortage,High,218.0,217.0,217.0,49.0,44.666666666666664,4.0,3.6666666666666665
2022-12-01,2022,12,Q4,Acer Aspire 5,Mumbai,15,208,213,49,8,3,46,211,1,184,59,3.09,78.73,204,186,0,Shortage,High,221.0,207.0,207.33333333333334,17.0,20.666666666666668,4.0,3.0
2022-12-01,2022,12,Q4,Dell Inspiron 15,Bangalore,15,238,244,27,9,4,50,217,1,247,87,3.96,79.33,238,246,0,Shortage,High,223.0,232.0,231.66666666666666,22.0,41.666666666666664,5.0,3.0
2022-12-01,2022,12,Q4,Dell Inspiron 15,Delhi,15,313,277,69,9,3,66,251,1,294,114,4.16,76.77,317,299,0,Shortage,High,293.0,249.0,264.3333333333333,68.0,43.333333333333336,3.0,4.333333333333333
2022-12-01,2022,12,Q4,Dell Inspiron 15,Mumbai,15,297,329,70,6,2,73,276,1,278,97,3.95,77.02,291,279,0,Shortage,High,284.0,242.0,256.3333333333333,59.0,53.0,2.0,1.6666666666666667
2022-12-01,2022,12,Q4,HP Pavilion 15,Bangalore,15,247,229,35,7,1,57,210,1,233,62,1.49,82.13,271,278,0,Shortage,High,245.0,200.0,212.66666666666666,26.0,37.333333333333336,1.0,1.0
2022-12-01,2022,12,Q4,HP Pavilion 15,Delhi,15,271,270,59,7,5,63,248,1,241,92,5.42,73.85,268,257,0,Shortage,High,260.0,209.0,243.33333333333334,23.0,35.666666666666664,4.0,3.3333333333333335
2022-12-01,2022,12,Q4,HP Pavilion 15,Mumbai,15,233,228,18,6,4,45,226,1,224,83,3.76,80.0,227,239,0,Shortage,High,266.0,215.0,236.0,66.0,49.666666666666664,4.0,3.3333333333333335
2022-12-01,2022,12,Q4,Lenovo IdeaPad Slim 3,Bangalore,15,281,301,63,7,0,67,227,1,261,69,2.59,82.4,275,264,0,Shortage,Medium,296.0,255.0,272.6666666666667,63.0,50.666666666666664,0.0,0.0
2022-12-01,2022,12,Q4,Lenovo IdeaPad Slim 3,Delhi,15,383,392,52,6,0,88,379,1,350,117,2.4,80.88,394,415,0,Shortage,High,313.0,254.0,290.3333333333333,58.0,57.666666666666664,1.0,1.0
2022-12-01,2022,12,Q4,Lenovo IdeaPad Slim 3,Mumbai,15,300,338,53,7,2,60,276,1,306,104,2.88,85.47,334,326,0,Shortage,High,270.0,229.0,253.0,72.0,37.0,3.0,3.6666666666666665
2023-01-01,2023,1,Q1,ASUS VivoBook 15,Bangalore,15,174,186,38,7,3,39,154,1,178,49,3.12,79.79,177,163,0,Shortage,High,241.0,201.0,215.33333333333334,25.0,40.333333333333336,4.0,4.0
2023-01-01,2023,1,Q1,ASUS VivoBook 15,Delhi,15,199,196,33,5,3,56,166,1,206,63,4.11,82.05,192,200,0,Shortage,High,260.0,222.0,248.0,24.0,25.333333333333332,4.0,3.6666666666666665
2023-01-01,2023,1,Q1,ASUS VivoBook 15,Mumbai,15,198,181,13,7,3,48,181,1,203,65,3.79,79.92,193,213,0,Shortage,High,241.0,198.0,219.33333333333334,38.0,38.333333333333336,4.0,4.333333333333333
2023-01-01,2023,1,Q1,Acer Aspire 5,Bangalore,15,170,169,28,7,5,37,155,1,173,59,5.32,71.43,178,172,0,Shortage,High,212.0,174.0,193.33333333333334,46.0,35.333333333333336,5.0,4.666666666666667
2023-01-01,2023,1,Q1,Acer Aspire 5,Delhi,15,182,183,23,7,3,48,185,1,163,49,2.98,78.61,195,205,0,Shortage,High,238.0,216.0,224.0,35.0,42.666666666666664,4.0,3.6666666666666665
2023-01-01,2023,1,Q1,Acer Aspire 5,Mumbai,15,179,168,30,10,3,39,149,1,167,48,4.08,79.92,190,184,0,Shortage,High,208.0,194.0,207.66666666666666,49.0,30.0,3.0,3.0
2023-01-01,2023,1,Q1,Dell Inspiron 15,Bangalore,15,214,210,54,6,3,49,218,1,208,65,4.0,76.56,232,212,0,Shortage,High,238.0,240.0,233.66666666666666,27.0,39.333333333333336,4.0,3.6666666666666665
2023-01-01,2023,1,Q1,Dell Inspiron 15,Delhi,15,214,211,52,8,2,52,188,1,218,62,2.91,80.32,223,208,0,Shortage,High,313.0,251.0,285.6666666666667,69.0,55.0,3.0,3.3333333333333335
2023-01-01,2023,1,Q1,Dell Inspiron 15,Mumbai,15,210,193,19,6,1,55,191,1,213,56,1.38,84.99,234,255,0,Shortage,High,297.0,243.0,274.6666666666667,70.0,56.333333333333336,2.0,2.0
2023-01-01,2023,1,Q1,HP Pavilion 15,Bangalore,15,177,185,38,6,1,45,155,1,161,36,0.85,91.61,171,163,0,Shortage,Medium,247.0,193.0,228.33333333333334,35.0,32.333333333333336,1.0,1.3333333333333333
2023-01-01,2023,1,Q1,HP Pavilion 15,Delhi,15,200,216,57,6,7,52,175,1,193,74,6.77,73.11,218,198,0,Shortage,High,271.0,261.0,264.0,59.0,43.333333333333336,5.0,4.0
2023-01-01,2023,1,Q1,HP Pavilion 15,Mumbai,15,199,225,26,7,4,36,172,1,188,64,3.63,78.85,195,190,0,Shortage,High,233.0,227.0,242.0,18.0,41.0,4.0,3.6666666666666665
2023-01-01,2023,1,Q1,Lenovo IdeaPad Slim 3,Bangalore,15,208,207,35,7,0,42,190,1,197,44,0.9,89.09,205,197,0,Shortage,Medium,281.0,267.0,281.3333333333333,63.0,60.666666666666664,0.0,0.0
2023-01-01,2023,1,Q1,Lenovo IdeaPad Slim 3,Delhi,15,232,231,25,5,1,57,187,1,225,57,2.3,84.27,247,264,0,Shortage,High,383.0,304.0,333.3333333333333,52.0,63.333333333333336,0.0,0.6666666666666666
2023-01-01,2023,1,Q1,Lenovo IdeaPad Slim 3,Mumbai,15,222,232,59,7,1,56,211,1,197,50,1.83,84.77,245,227,0,Shortage,High,300.0,260.0,276.6666666666667,53.0,49.666666666666664,2.0,3.0
2023-02-01,2023,2,Q1,ASUS VivoBook 15,Bangalore,15,163,177,26,6,3,41,147,1,162,46,3.01,81.0,168,168,0,Shortage,High,174.0,204.0,206.33333333333334,38.0,35.333333333333336,3.0,3.6666666666666665
2023-02-01,2023,2,Q1,ASUS VivoBook 15,Delhi,15,181,191,40,6,4,51,151,1,177,57,3.5,78.18,186,182,0,Shortage,High,199.0,262.0,240.33333333333334,33.0,25.333333333333332,3.0,3.6666666666666665
2023-02-01,2023,2,Q1,ASUS VivoBook 15,Mumbai,15,200,225,30,7,3,47,197,1,190,57,4.32,77.31,222,224,0,Shortage,High,198.0,219.0,219.33333333333334,13.0,29.666666666666668,3.0,4.0
2023-02-01,2023,2,Q1,Acer Aspire 5,Bangalore,15,154,150,7,7,5,34,142,1,146,50,4.05,77.96,171,183,0,Shortage,High,170.0,194.0,192.0,28.0,36.666666666666664,5.0,4.666666666666667
2023-02-01,2023,2,Q1,Acer Aspire 5,Delhi,15,185,194,47,7,2,40,169,1,175,43,2.02,82.6,190,168,0,Shortage,High,182.0,218.0,212.66666666666666,23.0,35.666666666666664,3.0,3.6666666666666665
2023-02-01,2023,2,Q1,Acer Aspire 5,Mumbai,15,158,165,14,9,3,45,132,1,153,44,2.14,84.81,172,188,0,Shortage,High,179.0,221.0,202.66666666666666,30.0,32.0,3.0,3.3333333333333335
2023-02-01,2023,2,Q1,Dell Inspiron 15,Bangalore,15,184,156,22,7,2,54,152,1,187,52,2.37,80.96,202,219,0,Shortage,High,214.0,223.0,225.0,54.0,34.333333333333336,3.0,4.0
2023-02-01,2023,2,Q1,Dell Inspiron 15,Delhi,15,225,203,52,7,1,60,194,1,206,55,2.07,85.24,237,230,0,Shortage,High,214.0,293.0,273.3333333333333,52.0,63.0,2.0,2.6666666666666665
2023-02-01,2023,2,Q1,Dell Inspiron 15,Mumbai,15,246,234,21,8,2,63,221,1,235,72,3.41,81.89,262,289,0,Shortage,High,210.0,284.0,263.6666666666667,19.0,49.333333333333336,1.0,1.6666666666666667
2023-02-01,2023,2,Q1,HP Pavilion 15,Bangalore,15,187,181,34,8,4,41,173,1,170,57,3.99,78.77,185,177,0,Shortage,High,177.0,245.0,223.0,38.0,33.0,1.0,1.0
2023-02-01,2023,2,Q1,HP Pavilion 15,Delhi,15,193,168,33,6,6,39,170,1,178,68,6.35,69.71,184,175,0,Shortage,High,200.0,260.0,243.66666666666666,57.0,46.333333333333336,7.0,5.333333333333333
2023-02-01,2023,2,Q1,HP Pavilion 15,Mumbai,15,189,202,18,6,2,53,184,1,174,46,2.53,84.66,194,214,0,Shortage,High,199.0,266.0,232.66666666666666,26.0,36.666666666666664,4.0,4.0
2023-02-01,2023,2,Q1,Lenovo IdeaPad Slim 3,Bangalore,15,231,239,32,6,2,66,202,1,210,63,3.61,78.98,255,274,0,Shortage,High,208.0,296.0,261.6666666666667,35.0,53.666666666666664,0.0,0.0
2023-02-01,2023,2,Q1,Lenovo IdeaPad Slim 3,Delhi,15,240,231,44,5,1,69,198,1,219,58,2.48,84.02,231,241,0,Shortage,High,232.0,313.0,309.3333333333333,25.0,45.0,1.0,0.6666666666666666
2023-02-01,2023,2,Q1,Lenovo IdeaPad Slim 3,Mumbai,15,236,260,33,7,2,52,190,1,227,69,2.75,82.84,238,242,0,Shortage,High,222.0,270.0,264.0,59.0,61.333333333333336,1.0,2.0
2023-03-01,2023,3,Q1,ASUS VivoBook 15,Bangalore,15,182,189,46,7,4,53,160,1,180,57,3.65,80.96,181,173,0,Shortage,High,163.0,241.0,192.66666666666666,26.0,29.666666666666668,3.0,3.3333333333333335
2023-03-01,2023,3,Q1,ASUS VivoBook 15,Delhi,15,201,194,38,8,3,52,161,1,199,60,3.87,76.89,194,193,0,Shortage,High,181.0,260.0,213.33333333333334,40.0,32.333333333333336,4.0,3.6666666666666665
2023-03-01,2023,3,Q1,ASUS VivoBook 15,Mumbai,15,181,192,20,6,3,43,142,1,188,56,4.32,81.08,175,183,0,Shortage,High,200.0,241.0,213.0,30.0,27.0,3.0,3.3333333333333335
2023-03-01,2023,3,Q1,Acer Aspire 5,Bangalore,15,152,147,20,8,3,30,144,1,149,44,3.27,76.55,148,143,0,Shortage,High,154.0,212.0,178.66666666666666,7.0,27.0,5.0,5.0
2023-03-01,2023,3,Q1,Acer Aspire 5,Delhi,15,180,164,28,9,3,49,178,1,175,52,3.75,78.7,195,201,0,Shortage,High,185.0,238.0,201.66666666666666,47.0,35.0,2.0,3.0
2023-03-01,2023,3,Q1,Acer Aspire 5,Mumbai,15,169,153,27,7,2,36,142,1,152,37,2.1,87.35,189,183,0,Shortage,High,158.0,208.0,181.66666666666666,14.0,31.0,3.0,3.0
2023-03-01,2023,3,Q1,Dell Inspiron 15,Bangalore,15,190,209,22,7,2,44,149,1,176,48,3.32,80.44,195,202,0,Shortage,High,184.0,238.0,212.0,22.0,34.333333333333336,2.0,3.0
2023-03-01,2023,3,Q1,Dell Inspiron 15,Delhi,15,246,267,41,8,1,59,249,1,222,62,1.62,83.11,246,249,0,Shortage,High,225.0,313.0,250.66666666666666,52.0,57.666666666666664,1.0,2.0
2023-03-01,2023,3,Q1,Dell Inspiron 15,Mumbai,15,220,191,22,6,0,64,181,1,211,49,0.56,91.27,218,245,0,Shortage,Medium,246.0,297.0,251.0,21.0,36.666666666666664,2.0,1.6666666666666667
2023-03-01,2023,3,Q1,HP Pavilion 15,Bangalore,15,178,156,34,7,4,50,146,1,165,54,4.5,76.88,180,181,0,Shortage,High,187.0,247.0,203.66666666666666,34.0,35.666666666666664,4.0,2.0
2023-03-01,2023,3,Q1,HP Pavilion 15,Delhi,15,189,194,33,7,5,53,182,1,187,63,5.88,78.02,200,205,0,Shortage,High,193.0,271.0,221.33333333333334,33.0,49.666666666666664,6.0,6.0
2023-03-01,2023,3,Q1,HP Pavilion 15,Mumbai,15,216,246,42,9,3,45,169,1,224,69,2.51,83.66,213,201,0,Shortage,High,189.0,233.0,207.0,18.0,20.666666666666668,2.0,3.3333333333333335
2023-03-01,2023,3,Q1,Lenovo IdeaPad Slim 3,Bangalore,15,233,229,37,7,3,63,194,1,241,79,3.23,80.85,235,246,0,Shortage,High,231.0,281.0,240.0,32.0,43.333333333333336,2.0,0.6666666666666666
2023-03-01,2023,3,Q1,Lenovo IdeaPad Slim 3,Delhi,15,284,278,57,8,1,85,241,1,252,74,2.42,80.52,300,313,0,Shortage,High,240.0,383.0,285.0,44.0,40.333333333333336,1.0,0.6666666666666666
2023-03-01,2023,3,Q1,Lenovo IdeaPad Slim 3,Mumbai,15,242,247,50,7,2,47,221,1,244,72,2.61,81.76,262,244,0,Shortage,High,236.0,300.0,252.66666666666666,33.0,48.333333333333336,2.0,1.6666666666666667
2023-04-01,2023,4,Q2,ASUS VivoBook 15,Bangalore,15,177,186,31,9,2,50,159,1,184,42,3.4,83.13,191,195,0,Shortage,High,182.0,174.0,173.0,46.0,36.666666666666664,4.0,3.3333333333333335
2023-04-01,2023,4,Q2,ASUS VivoBook 15,Delhi,15,213,223,26,7,3,44,214,1,193,60,3.99,79.49,215,218,0,Shortage,High,201.0,199.0,193.66666666666666,38.0,37.0,3.0,3.3333333333333335
2023-04-01,2023,4,Q2,ASUS VivoBook 15,Mumbai,15,177,172,32,7,4,48,150,1,160,51,4.31,76.39,174,175,0,Shortage,High,181.0,198.0,193.0,20.0,21.0,3.0,3.0
2023-04-01,2023,4,Q2,Acer Aspire 5,Bangalore,15,174,160,34,7,2,37,170,1,170,44,1.79,82.08,174,162,0,Shortage,High,152.0,170.0,158.66666666666666,20.0,18.333333333333332,3.0,4.333333333333333
2023-04-01,2023,4,Q2,Acer Aspire 5,Delhi,15,185,187,20,8,2,47,171,1,179,48,2.31,81.85,206,218,0,Shortage,High,180.0,182.0,182.33333333333334,28.0,32.666666666666664,3.0,2.6666666666666665
2023-04-01,2023,4,Q2,Acer Aspire 5,Mumbai,15,175,170,42,9,2,40,154,1,174,46,2.65,83.06,187,170,0,Shortage,High,169.0,179.0,168.66666666666666,27.0,23.666666666666668,2.0,2.6666666666666665
2023-04-01,2023,4,Q2,Dell Inspiron 15,Bangalore,15,228,229,43,7,0,54,214,1,234,54,0.54,86.86,246,242,0,Shortage,Medium,190.0,214.0,196.0,22.0,32.666666666666664,2.0,2.3333333333333335
2023-04-01,2023,4,Q2,Dell Inspiron 15,Delhi,15,249,237,53,7,1,49,203,1,223,62,1.8,84.51,240,221,0,Shortage,High,246.0,214.0,228.33333333333334,41.0,48.333333333333336,1.0,1.3333333333333333
2023-04-01,2023,4,Q2,Dell Inspiron 15,Mumbai,15,245,252,57,6,0,64,238,1,234,54,1.77,84.35,260,252,0,Shortage,Medium,220.0,210.0,225.33333333333334,22.0,20.666666666666668,0.0,1.0
2023-04-01,2023,4,Q2,HP Pavilion 15,Bangalore,15,207,223,39,8,3,59,169,1,189,60,3.46,82.27,199,204,0,Shortage,High,178.0,177.0,180.66666666666666,34.0,35.333333333333336,4.0,3.0
2023-04-01,2023,4,Q2,HP Pavilion 15,Delhi,15,233,217,52,8,7,45,196,1,236,85,6.53,72.99,258,236,0,Shortage,High,189.0,200.0,194.0,33.0,41.0,5.0,6.0
2023-04-01,2023,4,Q2,HP Pavilion 15,Mumbai,15,204,228,50,8,4,55,204,1,181,62,4.06,74.24,213,203,0,Shortage,High,216.0,199.0,201.33333333333334,42.0,28.666666666666668,3.0,3.0
2023-04-01,2023,4,Q2,Lenovo IdeaPad Slim 3,Bangalore,15,233,229,50,6,3,54,233,1,233,77,4.91,75.65,253,242,0,Shortage,High,233.0,208.0,224.0,37.0,34.666666666666664,3.0,1.6666666666666667
2023-04-01,2023,4,Q2,Lenovo IdeaPad Slim 3,Delhi,15,235,218,35,6,2,59,236,1,234,70,3.75,82.7,231,240,0,Shortage,High,284.0,232.0,252.0,57.0,42.0,1.0,1.0
2023-04-01,2023,4,Q2,Lenovo IdeaPad Slim 3,Mumbai,15,259,234,24,7,3,53,209,1,240,84,3.96,76.88,246,260,0,Shortage,High,242.0,222.0,233.33333333333334,50.0,47.333333333333336,2.0,1.6666666666666667
2023-05-01,2023,5,Q2,ASUS VivoBook 15,Bangalore,15,171,183,55,8,3,49,150,1,155,44,3.1,81.24,171,150,0,Shortage,High,177.0,163.0,174.0,31.0,34.333333333333336,2.0,3.0
2023-05-01,2023,5,Q2,ASUS VivoBook 15,Delhi,15,202,204,55,6,3,52,191,1,200,61,3.95,80.29,218,200,0,Shortage,High,213.0,181.0,198.33333333333334,26.0,34.666666666666664,3.0,3.3333333333333335
2023-05-01,2023,5,Q2,ASUS VivoBook 15,Mumbai,15,202,206,14,7,5,41,181,1,184,69,4.69,79.83,200,212,0,Shortage,High,177.0,200.0,186.0,32.0,27.333333333333332,4.0,3.3333333333333335
2023-05-01,2023,5,Q2,Acer Aspire 5,Bangalore,15,172,168,25,9,3,34,168,1,169,46,2.73,82.25,164,158,0,Shortage,High,174.0,154.0,160.0,34.0,20.333333333333332,2.0,3.3333333333333335
2023-05-01,2023,5,Q2,Acer Aspire 5,Delhi,15,201,181,16,6,4,59,204,1,191,65,3.62,75.43,195,223,0,Shortage,High,185.0,185.0,183.33333333333334,20.0,31.666666666666668,2.0,2.3333333333333335
2023-05-01,2023,5,Q2,Acer Aspire 5,Mumbai,15,180,186,20,7,2,42,183,1,181,48,3.04,83.15,194,201,0,Shortage,High,175.0,158.0,167.33333333333334,42.0,27.666666666666668,2.0,2.3333333333333335
2023-05-01,2023,5,Q2,Dell Inspiron 15,Bangalore,15,208,213,56,7,1,53,205,1,186,45,1.97,80.01,215,197,0,Shortage,High,228.0,184.0,200.66666666666666,43.0,29.0,0.0,1.3333333333333333
2023-05-01,2023,5,Q2,Dell Inspiron 15,Delhi,15,233,207,51,8,0,62,220,1,215,49,0.89,91.18,239,235,0,Shortage,Medium,249.0,225.0,240.0,53.0,48.666666666666664,1.0,1.0
2023-05-01,2023,5,Q2,Dell Inspiron 15,Mumbai,15,232,238,46,7,0,61,211,1,228,49,1.65,86.24,226,226,0,Shortage,Medium,245.0,246.0,237.0,57.0,33.333333333333336,0.0,0.6666666666666666
2023-05-01,2023,5,Q2,HP Pavilion 15,Bangalore,15,226,234,42,8,4,64,227,1,234,86,4.21,76.44,230,237,0,Shortage,High,207.0,187.0,190.66666666666666,39.0,35.666666666666664,3.0,3.6666666666666665
2023-05-01,2023,5,Q2,HP Pavilion 15,Delhi,15,224,240,59,6,6,64,192,1,206,78,5.42,76.09,246,236,0,Shortage,High,233.0,193.0,205.0,52.0,39.333333333333336,7.0,6.0
2023-05-01,2023,5,Q2,HP Pavilion 15,Mumbai,15,190,202,25,7,4,36,171,1,169,58,3.96,75.65,204,200,0,Shortage,High,204.0,189.0,203.0,50.0,36.666666666666664,4.0,3.0
2023-05-01,2023,5,Q2,Lenovo IdeaPad Slim 3,Bangalore,15,249,276,57,7,5,51,251,1,231,82,5.03,73.06,244,223,0,Shortage,High,233.0,231.0,232.33333333333334,50.0,39.666666666666664,3.0,2.6666666666666665
2023-05-01,2023,5,Q2,Lenovo IdeaPad Slim 3,Delhi,15,267,323,65,4,3,48,208,1,265,95,3.66,79.11,296,264,0,Shortage,High,235.0,240.0,253.0,35.0,45.333333333333336,2.0,1.3333333333333333
2023-05-01,2023,5,Q2,Lenovo IdeaPad Slim 3,Mumbai,15,235,236,57,7,3,45,186,1,244,84,3.62,78.64,256,229,0,Shortage,High,259.0,236.0,245.66666666666666,24.0,35.666666666666664,3.0,2.3333333333333335
2023-06-01,2023,6,Q2,ASUS VivoBook 15,Bangalore,15,182,194,37,7,4,48,165,1,171,57,5.19,72.64,200,196,0,Shortage,High,171.0,182.0,176.66666666666666,55.0,44.0,3.0,3.0
2023-06-01,2023,6,Q2,ASUS VivoBook 15,Delhi,15,207,186,42,7,4,50,168,1,184,60,3.57,80.25,224,217,0,Shortage,High,202.0,201.0,205.33333333333334,55.0,39.666666666666664,3.0,3.0
2023-06-01,2023,6,Q2,ASUS VivoBook 15,Mumbai,15,177,191,46,8,4,53,155,1,163,53,3.97,79.37,191,183,0,Shortage,High,202.0,181.0,186.66666666666666,14.0,22.0,5.0,4.0
2023-06-01,2023,6,Q2,Acer Aspire 5,Bangalore,15,184,184,27,9,4,45,150,1,178,57,5.16,74.38,190,193,0,Shortage,High,172.0,152.0,166.0,25.0,26.333333333333332,3.0,2.6666666666666665
2023-06-01,2023,6,Q2,Acer Aspire 5,Delhi,15,175,155,23,5,6,34,173,1,173,63,5.96,76.78,174,170,0,Shortage,High,201.0,180.0,188.66666666666666,16.0,21.333333333333332,4.0,3.0
2023-06-01,2023,6,Q2,Acer Aspire 5,Mumbai,15,171,173,42,8,4,38,170,1,165,54,3.35,79.5,173,154,0,Shortage,High,180.0,169.0,174.66666666666666,20.0,29.666666666666668,2.0,2.0
2023-06-01,2023,6,Q2,Dell Inspiron 15,Bangalore,15,206,205,31,5,1,47,205,1,213,53,1.88,81.83,209,210,0,Shortage,High,208.0,190.0,208.66666666666666,56.0,40.333333333333336,1.0,1.0
2023-06-01,2023,6,Q2,Dell Inspiron 15,Delhi,15,276,261,27,6,1,70,269,1,278,79,2.39,85.88,291,319,0,Shortage,High,233.0,246.0,242.66666666666666,51.0,48.333333333333336,0.0,0.6666666666666666
2023-06-01,2023,6,Q2,Dell Inspiron 15,Mumbai,15,239,223,38,8,1,65,227,1,214,57,2.37,87.38,256,268,0,Shortage,High,232.0,220.0,232.33333333333334,46.0,41.666666666666664,0.0,0.0
2023-06-01,2023,6,Q2,HP Pavilion 15,Bangalore,15,190,190,42,7,4,42,191,1,190,64,4.08,78.06,193,178,0,Shortage,High,226.0,178.0,203.66666666666666,42.0,38.333333333333336,4.0,3.6666666666666665
2023-06-01,2023,6,Q2,HP Pavilion 15,Delhi,15,215,224,39,8,5,44,214,1,219,84,3.73,77.92,238,228,0,Shortage,High,224.0,189.0,215.33333333333334,59.0,48.0,6.0,6.0
2023-06-01,2023,6,Q2,HP Pavilion 15,Mumbai,15,207,198,43,7,3,56,172,1,195,61,4.43,81.01,209,207,0,Shortage,High,190.0,216.0,203.33333333333334,25.0,39.0,4.0,3.6666666666666665
2023-06-01,2023,6,Q2,Lenovo IdeaPad Slim 3,Bangalore,15,249,244,35,7,4,61,234,1,222,87,4.48,77.15,256,267,0,Shortage,High,249.0,233.0,238.33333333333334,57.0,48.0,5.0,3.6666666666666665
2023-06-01,2023,6,Q2,Lenovo IdeaPad Slim 3,Delhi,15,250,250,45,7,3,55,219,1,238,83,3.7,82.34,240,235,0,Shortage,High,267.0,284.0,262.0,65.0,52.333333333333336,3.0,2.0
2023-06-01,2023,6,Q2,Lenovo IdeaPad Slim 3,Mumbai,15,251,249,41,7,2,63,207,1,235,78,3.33,77.13,263,270,0,Shortage,High,235.0,242.0,245.33333333333334,57.0,43.666666666666664,3.0,2.6666666666666665
2023-07-01,2023,7,Q3,ASUS VivoBook 15,Bangalore,15,191,175,37,8,3,55,169,1,196,59,4.63,77.21,184,187,0,Shortage,High,182.0,177.0,176.66666666666666,37.0,41.0,4.0,3.0
2023-07-01,2023,7,Q3,ASUS VivoBook 15,Delhi,15,205,179,46,8,4,55,197,1,209,77,4.47,75.75,215,209,0,Shortage,High,207.0,213.0,207.33333333333334,42.0,41.0,4.0,3.3333333333333335
2023-07-01,2023,7,Q3,ASUS VivoBook 15,Mumbai,15,208,194,26,6,4,48,172,1,208,74,5.19,75.58,198,205,0,Shortage,High,177.0,177.0,185.33333333333334,46.0,30.666666666666668,4.0,4.333333333333333
2023-07-01,2023,7,Q3,Acer Aspire 5,Bangalore,15,173,175,29,8,2,47,155,1,162,41,2.2,84.97,178,181,0,Shortage,High,184.0,174.0,176.66666666666666,27.0,28.666666666666668,4.0,3.0
2023-07-01,2023,7,Q3,Acer Aspire 5,Delhi,15,191,184,14,8,5,39,182,1,184,69,4.13,74.16,205,215,0,Shortage,High,175.0,185.0,187.0,23.0,19.666666666666668,6.0,4.0
2023-07-01,2023,7,Q3,Acer Aspire 5,Mumbai,15,203,198,49,9,3,59,203,1,187,58,3.94,76.42,197,192,0,Shortage,High,171.0,175.0,175.33333333333334,42.0,34.666666666666664,4.0,2.6666666666666665
2023-07-01,2023,7,Q3,Dell Inspiron 15,Bangalore,15,230,196,39,7,1,45,231,1,215,54,2.04,84.69,232,223,0,Shortage,High,206.0,228.0,214.0,31.0,43.333333333333336,1.0,0.6666666666666666
2023-07-01,2023,7,Q3,Dell Inspiron 15,Delhi,15,264,277,50,6,2,48,251,1,239,79,2.52,84.47,294,277,0,Shortage,High,276.0,249.0,252.66666666666666,27.0,43.666666666666664,1.0,0.6666666666666666
2023-07-01,2023,7,Q3,Dell Inspiron 15,Mumbai,15,235,220,21,8,2,53,195,1,207,67,3.7,85.97,260,277,0,Shortage,High,239.0,245.0,238.66666666666666,38.0,47.0,1.0,0.3333333333333333
2023-07-01,2023,7,Q3,HP Pavilion 15,Bangalore,15,201,222,39,7,4,54,170,1,205,71,4.92,77.53,206,206,0,Shortage,High,190.0,207.0,207.66666666666666,42.0,41.0,4.0,3.6666666666666665
2023-07-01,2023,7,Q3,HP Pavilion 15,Delhi,15,229,237,37,10,5,42,182,1,215,82,5.7,71.51,249,239,0,Shortage,High,215.0,233.0,224.0,39.0,50.0,5.0,6.0
2023-07-01,2023,7,Q3,HP Pavilion 15,Mumbai,15,215,204,31,6,5,53,190,1,210,82,5.31,76.1,205,212,0,Shortage,High,207.0,204.0,200.33333333333334,43.0,39.333333333333336,3.0,3.6666666666666665
2023-07-01,2023,7,Q3,Lenovo IdeaPad Slim 3,Bangalore,15,232,255,47,7,4,54,220,1,232,84,3.8,75.81,229,221,0,Shortage,High,249.0,233.0,243.66666666666666,35.0,47.333333333333336,4.0,4.0
2023-07-01,2023,7,Q3,Lenovo IdeaPad Slim 3,Delhi,15,296,332,49,6,1,83,251,1,295,91,1.74,85.34,296,315,0,Shortage,High,250.0,235.0,250.66666666666666,45.0,48.333333333333336,3.0,2.6666666666666665
2023-07-01,2023,7,Q3,Lenovo IdeaPad Slim 3,Mumbai,15,279,253,47,5,4,65,248,1,269,100,3.88,78.32,284,287,0,Shortage,High,251.0,259.0,248.33333333333334,41.0,40.666666666666664,2.0,2.6666666666666665
2023-08-01,2023,8,Q3,ASUS VivoBook 15,Bangalore,15,181,192,52,9,2,35,172,1,165,47,2.75,78.66,180,148,0,Shortage,High,191.0,171.0,181.33333333333334,37.0,43.0,3.0,3.3333333333333335
2023-08-01,2023,8,Q3,ASUS VivoBook 15,Delhi,15,221,202,44,6,4,60,220,1,224,82,4.62,79.53,212,213,0,Shortage,High,205.0,202.0,204.66666666666666,46.0,47.666666666666664,4.0,3.6666666666666665
2023-08-01,2023,8,Q3,ASUS VivoBook 15,Mumbai,15,227,215,37,8,5,54,224,1,236,89,5.29,72.62,217,219,0,Shortage,High,208.0,202.0,195.66666666666666,26.0,28.666666666666668,4.0,4.333333333333333
2023-08-01,2023,8,Q3,Acer Aspire 5,Bangalore,15,175,174,36,6,3,36,157,1,175,51,3.94,78.97,192,177,0,Shortage,High,173.0,172.0,176.33333333333334,29.0,27.0,2.0,3.0
2023-08-01,2023,8,Q3,Acer Aspire 5,Delhi,15,212,200,13,5,5,42,168,1,213,79,5.74,71.49,236,250,0,Shortage,High,191.0,201.0,189.0,14.0,17.666666666666668,5.0,5.0
2023-08-01,2023,8,Q3,Acer Aspire 5,Mumbai,15,205,200,24,8,2,53,181,1,198,53,2.15,86.13,203,217,0,Shortage,High,203.0,180.0,184.66666666666666,49.0,37.0,3.0,3.0
2023-08-01,2023,8,Q3,Dell Inspiron 15,Bangalore,15,223,232,62,8,2,56,187,1,219,61,3.19,81.77,231,210,0,Shortage,High,230.0,208.0,214.66666666666666,39.0,42.0,1.0,1.0
2023-08-01,2023,8,Q3,Dell Inspiron 15,Delhi,15,239,261,69,8,1,67,221,1,240,67,1.71,82.55,245,228,0,Shortage,High,264.0,233.0,257.6666666666667,50.0,42.666666666666664,2.0,1.0
2023-08-01,2023,8,Q3,Dell Inspiron 15,Mumbai,15,224,211,19,7,2,55,204,1,224,64,1.98,86.77,251,272,0,Shortage,High,235.0,232.0,235.33333333333334,21.0,35.0,2.0,1.0
2023-08-01,2023,8,Q3,HP Pavilion 15,Bangalore,15,207,213,41,7,3,52,169,1,199,63,3.8,78.84,200,196,0,Shortage,High,201.0,226.0,205.66666666666666,39.0,41.0,4.0,4.0
2023-08-01,2023,8,Q3,HP Pavilion 15,Delhi,15,259,267,40,7,4,53,206,1,247,98,4.65,73.65,255,253,0,Shortage,High,229.0,224.0,222.66666666666666,37.0,45.0,5.0,5.333333333333333
2023-08-01,2023,8,Q3,HP Pavilion 15,Mumbai,15,235,252,37,7,4,53,220,1,241,91,4.75,78.45,239,240,0,Shortage,High,215.0,190.0,204.0,31.0,33.0,5.0,4.0
2023-08-01,2023,8,Q3,Lenovo IdeaPad Slim 3,Bangalore,15,240,207,34,6,4,57,205,1,212,78,4.41,79.35,236,244,0,Shortage,High,232.0,249.0,243.33333333333334,47.0,46.333333333333336,4.0,4.333333333333333
2023-08-01,2023,8,Q3,Lenovo IdeaPad Slim 3,Delhi,15,306,304,23,6,2,61,245,1,303,106,2.85,82.27,298,321,0,Shortage,High,296.0,267.0,271.0,49.0,53.0,1.0,2.3333333333333335
2023-08-01,2023,8,Q3,Lenovo IdeaPad Slim 3,Mumbai,15,253,256,24,8,3,57,238,1,227,78,3.52,80.03,275,293,0,Shortage,High,279.0,235.0,255.0,47.0,48.333333333333336,4.0,3.0
2023-09-01,2023,9,Q3,ASUS VivoBook 15,Bangalore,15,189,178,44,8,2,40,175,1,188,49,2.55,82.76,205,186,0,Shortage,High,181.0,182.0,184.66666666666666,52.0,42.0,2.0,3.0
2023-09-01,2023,9,Q3,ASUS VivoBook 15,Delhi,15,190,200,45,7,5,44,165,1,188,68,5.28,76.72,208,192,0,Shortage,High,221.0,207.0,211.0,44.0,44.0,4.0,4.0
2023-09-01,2023,9,Q3,ASUS VivoBook 15,Mumbai,15,186,189,52,6,3,40,176,1,176,48,3.16,78.72,187,160,0,Shortage,High,227.0,177.0,204.0,37.0,36.333333333333336,5.0,4.333333333333333
2023-09-01,2023,9,Q3,Acer Aspire 5,Bangalore,15,168,180,42,8,2,47,165,1,166,39,2.47,79.33,175,165,0,Shortage,High,175.0,184.0,177.33333333333334,36.0,30.666666666666668,3.0,3.0
2023-09-01,2023,9,Q3,Acer Aspire 5,Delhi,15,183,153,22,7,3,41,168,1,176,52,2.59,79.45,201,205,0,Shortage,High,212.0,175.0,192.66666666666666,13.0,16.666666666666668,5.0,5.333333333333333
2023-09-01,2023,9,Q3,Acer Aspire 5,Mumbai,15,185,185,52,7,1,47,177,1,186,41,1.86,85.2,192,172,0,Shortage,Medium,205.0,171.0,193.0,24.0,38.333333333333336,2.0,3.0
2023-09-01,2023,9,Q3,Dell Inspiron 15,Bangalore,15,236,240,55,8,2,66,217,1,219,66,2.1,79.85,234,230,0,Shortage,High,223.0,206.0,219.66666666666666,62.0,44.0,2.0,1.3333333333333333
2023-09-01,2023,9,Q3,Dell Inspiron 15,Delhi,15,242,230,52,6,1,69,200,1,231,62,1.42,81.93,245,247,0,Shortage,High,239.0,276.0,259.6666666666667,69.0,48.666666666666664,1.0,1.3333333333333333
2023-09-01,2023,9,Q3,Dell Inspiron 15,Mumbai,15,262,268,32,7,2,53,255,1,242,77,2.58,83.57,258,264,0,Shortage,High,224.0,239.0,232.66666666666666,19.0,26.0,2.0,1.6666666666666667
2023-09-01,2023,9,Q3,HP Pavilion 15,Bangalore,15,186,191,15,8,3,39,179,1,186,56,2.55,80.73,197,206,0,Shortage,High,207.0,190.0,199.33333333333334,41.0,40.666666666666664,3.0,3.6666666666666665
2023-09-01,2023,9,Q3,HP Pavilion 15,Delhi,15,243,273,37,5,3,72,244,1,231,82,3.88,79.14,260,280,0,Shortage,High,259.0,215.0,234.33333333333334,40.0,38.666666666666664,4.0,4.666666666666667
2023-09-01,2023,9,Q3,HP Pavilion 15,Mumbai,15,220,237,34,7,7,60,219,1,207,79,6.63,74.7,218,229,0,Shortage,High,235.0,207.0,219.0,37.0,37.0,4.0,4.0
2023-09-01,2023,9,Q3,Lenovo IdeaPad Slim 3,Bangalore,15,237,244,56,9,3,63,232,1,221,74,3.91,78.06,234,226,0,Shortage,High,240.0,249.0,240.33333333333334,34.0,38.666666666666664,4.0,4.0
2023-09-01,2023,9,Q3,Lenovo IdeaPad Slim 3,Delhi,15,277,307,28,8,4,59,247,1,261,101,4.85,72.44,282,298,0,Shortage,High,306.0,250.0,284.0,23.0,39.0,2.0,2.0
2023-09-01,2023,9,Q3,Lenovo IdeaPad Slim 3,Mumbai,15,265,283,45,6,3,72,245,1,247,87,4.38,74.48,252,264,0,Shortage,High,253.0,251.0,261.0,24.0,37.333333333333336,3.0,3.0
2023-10-01,2023,10,Q4,ASUS VivoBook 15,Bangalore,15,199,187,29,10,2,37,165,1,177,51,4.06,77.09,192,185,0,Shortage,High,189.0,191.0,187.0,44.0,44.333333333333336,2.0,2.3333333333333335
2023-10-01,2023,10,Q4,ASUS VivoBook 15,Delhi,15,215,227,45,7,2,40,200,1,213,62,2.46,81.3,238,218,0,Shortage,High,190.0,205.0,205.33333333333334,45.0,45.0,5.0,4.333333333333333
2023-10-01,2023,10,Q4,ASUS VivoBook 15,Mumbai,15,223,232,61,8,3,43,186,1,221,70,3.57,82.16,223,190,0,Shortage,High,186.0,208.0,207.0,52.0,38.333333333333336,3.0,4.0
2023-10-01,2023,10,Q4,Acer Aspire 5,Bangalore,15,184,174,31,9,1,35,150,1,180,38,1.9,84.35,186,175,0,Shortage,Medium,168.0,173.0,172.0,42.0,35.666666666666664,2.0,2.3333333333333335
2023-10-01,2023,10,Q4,Acer Aspire 5,Delhi,15,228,250,40,8,2,47,219,1,214,58,2.72,80.42,227,219,0,Shortage,High,183.0,191.0,195.33333333333334,22.0,16.333333333333332,3.0,4.333333333333333
2023-10-01,2023,10,Q4,Acer Aspire 5,Mumbai,15,213,210,38,7,3,58,199,1,189,63,3.51,81.26,214,219,0,Shortage,High,185.0,203.0,197.66666666666666,52.0,41.666666666666664,1.0,2.0
2023-10-01,2023,10,Q4,Dell Inspiron 15,Bangalore,15,264,267,37,6,2,68,240,1,245,80,3.64,79.21,280,296,0,Shortage,High,236.0,230.0,229.66666666666666,55.0,52.0,2.0,1.6666666666666667
2023-10-01,2023,10,Q4,Dell Inspiron 15,Delhi,15,252,248,40,7,1,74,237,1,237,63,1.92,84.86,252,271,0,Shortage,High,242.0,264.0,248.33333333333334,52.0,57.0,1.0,1.3333333333333333
2023-10-01,2023,10,Q4,Dell Inspiron 15,Mumbai,15,260,252,43,7,1,66,203,1,264,72,2.08,84.24,282,290,0,Shortage,High,262.0,235.0,240.33333333333334,32.0,24.0,2.0,2.0
2023-10-01,2023,10,Q4,HP Pavilion 15,Bangalore,15,213,228,28,9,4,46,173,1,194,69,4.33,75.89,224,227,0,Shortage,High,186.0,201.0,198.0,15.0,31.666666666666668,3.0,3.3333333333333335
2023-10-01,2023,10,Q4,HP Pavilion 15,Delhi,15,266,238,54,7,4,55,225,1,248,94,3.78,80.66,292,278,0,Shortage,High,243.0,229.0,243.66666666666666,37.0,38.0,3.0,4.0
2023-10-01,2023,10,Q4,HP Pavilion 15,Mumbai,15,234,268,56,6,6,63,235,1,227,86,5.43,72.34,231,223,0,Shortage,High,220.0,215.0,223.33333333333334,34.0,34.0,7.0,5.333333333333333
2023-10-01,2023,10,Q4,Lenovo IdeaPad Slim 3,Bangalore,15,287,303,40,7,2,57,226,1,264,87,3.46,76.46,292,294,0,Shortage,High,237.0,232.0,236.33333333333334,56.0,45.666666666666664,3.0,3.6666666666666665
2023-10-01,2023,10,Q4,Lenovo IdeaPad Slim 3,Delhi,15,315,333,70,8,4,85,266,1,293,115,4.81,71.55,353,353,0,Shortage,High,277.0,296.0,293.0,28.0,33.333333333333336,4.0,2.3333333333333335
2023-10-01,2023,10,Q4,Lenovo IdeaPad Slim 3,Mumbai,15,256,226,42,8,3,73,254,1,244,84,3.63,78.6,268,284,0,Shortage,High,265.0,279.0,265.6666666666667,45.0,38.666666666666664,3.0,3.3333333333333335
2023-11-01,2023,11,Q4,ASUS VivoBook 15,Bangalore,15,213,223,40,8,2,60,175,1,217,62,3.21,83.26,221,226,0,Shortage,High,199.0,181.0,189.66666666666666,29.0,41.666666666666664,2.0,2.0
2023-11-01,2023,11,Q4,ASUS VivoBook 15,Delhi,15,242,249,42,7,1,52,223,1,234,64,1.35,84.79,250,245,0,Shortage,High,215.0,221.0,208.66666666666666,45.0,44.666666666666664,2.0,3.6666666666666665
2023-11-01,2023,11,Q4,ASUS VivoBook 15,Mumbai,15,222,218,46,7,3,42,203,1,205,64,4.36,72.4,231,212,0,Shortage,High,223.0,227.0,212.0,61.0,50.0,3.0,3.6666666666666665
2023-11-01,2023,11,Q4,Acer Aspire 5,Bangalore,15,200,202,33,9,2,41,198,1,194,56,2.47,80.64,210,203,0,Shortage,High,184.0,175.0,175.66666666666666,31.0,36.333333333333336,1.0,2.0
2023-11-01,2023,11,Q4,Acer Aspire 5,Delhi,15,221,216,59,9,1,40,203,1,226,56,1.87,84.14,247,213,0,Shortage,High,228.0,212.0,207.66666666666666,40.0,25.0,2.0,3.3333333333333335
2023-11-01,2023,11,Q4,Acer Aspire 5,Mumbai,15,199,191,30,8,1,59,165,1,200,52,1.89,87.25,193,207,0,Shortage,High,213.0,205.0,201.0,38.0,38.0,3.0,2.0
2023-11-01,2023,11,Q4,Dell Inspiron 15,Bangalore,15,257,278,56,8,3,75,204,1,262,92,4.53,74.77,248,252,0,Shortage,High,264.0,223.0,241.0,37.0,51.333333333333336,2.0,2.0
2023-11-01,2023,11,Q4,Dell Inspiron 15,Delhi,15,294,294,37,8,3,67,275,1,274,103,3.76,75.44,319,334,0,Shortage,High,252.0,239.0,244.33333333333334,40.0,53.666666666666664,1.0,1.0
2023-11-01,2023,11,Q4,Dell Inspiron 15,Mumbai,15,277,288,33,6,1,54,249,1,264,76,1.99,82.87,270,276,0,Shortage,High,260.0,224.0,248.66666666666666,43.0,31.333333333333332,1.0,1.6666666666666667
2023-11-01,2023,11,Q4,HP Pavilion 15,Bangalore,15,235,222,50,8,4,68,233,1,208,78,5.74,69.21,242,245,0,Shortage,High,213.0,207.0,202.0,28.0,28.0,4.0,3.3333333333333335
2023-11-01,2023,11,Q4,HP Pavilion 15,Delhi,15,254,238,44,7,3,50,247,1,244,86,3.79,77.7,255,246,0,Shortage,High,266.0,259.0,256.0,54.0,43.666666666666664,4.0,3.6666666666666665
2023-11-01,2023,11,Q4,HP Pavilion 15,Mumbai,15,250,247,21,8,6,65,204,1,232,88,6.5,69.75,239,268,0,Shortage,High,234.0,235.0,229.66666666666666,56.0,42.333333333333336,6.0,5.666666666666667
2023-11-01,2023,11,Q4,Lenovo IdeaPad Slim 3,Bangalore,15,278,275,20,7,2,79,227,1,261,86,2.81,81.19,306,350,0,Shortage,High,287.0,240.0,254.66666666666666,40.0,43.333333333333336,2.0,3.0
2023-11-01,2023,11,Q4,Lenovo IdeaPad Slim 3,Delhi,15,329,311,61,7,3,96,260,1,320,120,2.9,80.23,351,371,0,Shortage,High,315.0,306.0,299.3333333333333,70.0,40.333333333333336,4.0,3.3333333333333335
2023-11-01,2023,11,Q4,Lenovo IdeaPad Slim 3,Mumbai,15,299,298,76,6,2,59,248,1,299,102,3.11,77.11,327,295,0,Shortage,High,256.0,253.0,258.0,42.0,37.0,3.0,3.0
2023-12-01,2023,12,Q4,ASUS VivoBook 15,Bangalore,15,224,244,61,7,2,56,185,1,218,61,3.46,80.8,227,207,0,Shortage,High,213.0,189.0,200.33333333333334,40.0,37.666666666666664,2.0,2.0
2023-12-01,2023,12,Q4,ASUS VivoBook 15,Delhi,15,245,249,64,6,2,68,242,1,236,70,3.37,78.14,263,252,0,Shortage,High,242.0,190.0,215.66666666666666,42.0,44.0,1.0,2.6666666666666665
2023-12-01,2023,12,Q4,ASUS VivoBook 15,Mumbai,15,245,285,38,7,5,50,223,1,242,92,5.21,72.98,247,244,0,Shortage,High,222.0,186.0,210.33333333333334,46.0,53.0,3.0,3.0
2023-12-01,2023,12,Q4,Acer Aspire 5,Bangalore,15,196,174,27,7,2,57,155,1,188,54,2.43,84.77,194,209,0,Shortage,High,200.0,168.0,184.0,33.0,35.333333333333336,2.0,1.6666666666666667
2023-12-01,2023,12,Q4,Acer Aspire 5,Delhi,15,245,240,25,8,1,63,208,1,234,64,1.37,84.62,274,297,0,Shortage,High,221.0,183.0,210.66666666666666,59.0,40.333333333333336,1.0,2.0
2023-12-01,2023,12,Q4,Acer Aspire 5,Mumbai,15,229,228,34,7,1,50,192,1,226,62,1.32,88.23,233,234,0,Shortage,High,199.0,185.0,199.0,30.0,40.0,1.0,1.6666666666666667
2023-12-01,2023,12,Q4,Dell Inspiron 15,Bangalore,15,287,263,69,5,4,85,258,1,292,110,4.56,75.79,299,300,0,Shortage,High,257.0,236.0,252.33333333333334,56.0,49.333333333333336,3.0,2.3333333333333335
2023-12-01,2023,12,Q4,Dell Inspiron 15,Delhi,15,309,335,75,6,5,75,287,1,310,117,5.1,74.87,313,298,0,Shortage,High,294.0,242.0,262.6666666666667,37.0,43.0,3.0,1.6666666666666667
2023-12-01,2023,12,Q4,Dell Inspiron 15,Mumbai,15,293,285,40,5,2,55,283,1,269,93,3.32,80.68,307,307,0,Shortage,High,277.0,262.0,266.3333333333333,33.0,36.0,1.0,1.3333333333333333
2023-12-01,2023,12,Q4,HP Pavilion 15,Bangalore,15,266,233,45,8,4,62,227,1,243,97,5.16,71.92,280,282,0,Shortage,High,235.0,186.0,211.33333333333334,50.0,31.0,4.0,3.6666666666666665
2023-12-01,2023,12,Q4,HP Pavilion 15,Delhi,15,251,248,38,7,2,52,246,1,236,80,3.46,81.32,276,275,0,Shortage,High,254.0,243.0,254.33333333333334,44.0,45.0,3.0,3.3333333333333335
2023-12-01,2023,12,Q4,HP Pavilion 15,Mumbai,15,261,259,34,7,5,67,263,1,238,89,5.09,73.02,283,301,0,Shortage,High,250.0,220.0,234.66666666666666,21.0,37.0,6.0,6.333333333333333
2023-12-01,2023,12,Q4,Lenovo IdeaPad Slim 3,Bangalore,15,307,328,45,7,3,91,313,1,284,106,4.58,76.49,342,373,0,Shortage,High,278.0,237.0,267.3333333333333,20.0,38.666666666666664,2.0,2.3333333333333335
2023-12-01,2023,12,Q4,Lenovo IdeaPad Slim 3,Delhi,15,309,358,32,7,3,80,304,1,286,106,5.12,75.52,323,356,0,Shortage,High,329.0,277.0,307.0,61.0,53.0,3.0,3.6666666666666665
2023-12-01,2023,12,Q4,Lenovo IdeaPad Slim 3,Mumbai,15,320,336,47,6,2,93,301,1,284,102,3.47,83.41,358,389,0,Shortage,High,299.0,265.0,273.3333333333333,76.0,54.333333333333336,2.0,2.6666666666666665
2024-01-01,2024,1,Q1,ASUS VivoBook 15,Bangalore,15,159,166,36,8,2,31,131,1,154,42,3.18,79.42,163,143,0,Shortage,High,224.0,199.0,212.0,61.0,43.333333333333336,2.0,2.0
2024-01-01,2024,1,Q1,ASUS VivoBook 15,Delhi,15,173,170,23,7,3,45,175,1,161,44,2.76,77.84,167,174,0,Shortage,High,245.0,215.0,234.0,64.0,50.333333333333336,2.0,1.6666666666666667
2024-01-01,2024,1,Q1,ASUS VivoBook 15,Mumbai,15,172,183,28,7,5,40,144,1,161,57,4.87,80.46,189,186,0,Shortage,High,245.0,223.0,230.0,38.0,48.333333333333336,5.0,3.6666666666666665
2024-01-01,2024,1,Q1,Acer Aspire 5,Bangalore,15,165,149,32,8,4,44,133,1,168,54,3.83,83.27,176,173,0,Shortage,High,196.0,184.0,193.33333333333334,27.0,30.333333333333332,2.0,1.6666666666666667
2024-01-01,2024,1,Q1,Acer Aspire 5,Delhi,15,183,166,22,9,4,47,171,1,185,61,3.99,82.91,197,207,0,Shortage,High,245.0,228.0,231.33333333333334,25.0,41.333333333333336,1.0,1.3333333333333333
2024-01-01,2024,1,Q1,Acer Aspire 5,Mumbai,15,174,164,15,8,1,51,175,1,168,38,2.47,84.9,165,186,0,Shortage,Medium,229.0,213.0,213.66666666666666,34.0,34.0,1.0,1.6666666666666667
2024-01-01,2024,1,Q1,Dell Inspiron 15,Bangalore,15,215,210,41,8,3,45,190,1,215,66,2.42,81.52,207,196,0,Shortage,High,287.0,264.0,269.3333333333333,69.0,54.0,4.0,3.0
2024-01-01,2024,1,Q1,Dell Inspiron 15,Delhi,15,235,236,26,7,5,60,225,1,243,90,4.31,79.2,245,264,0,Shortage,High,309.0,252.0,285.0,75.0,50.666666666666664,5.0,3.0
2024-01-01,2024,1,Q1,Dell Inspiron 15,Mumbai,15,228,207,22,5,2,62,178,1,237,70,2.39,81.82,230,255,0,Shortage,High,293.0,260.0,276.6666666666667,40.0,38.666666666666664,2.0,1.3333333333333333
2024-01-01,2024,1,Q1,HP Pavilion 15,Bangalore,15,193,194,44,9,2,43,182,1,192,56,2.9,78.83,192,176,0,Shortage,High,266.0,213.0,238.0,45.0,41.0,4.0,4.0
2024-01-01,2024,1,Q1,HP Pavilion 15,Delhi,15,205,207,34,7,3,50,203,1,202,62,2.83,80.8,216,217,0,Shortage,High,251.0,266.0,257.0,38.0,45.333333333333336,2.0,3.0
2024-01-01,2024,1,Q1,HP Pavilion 15,Mumbai,15,183,200,31,7,5,43,181,1,167,63,5.13,77.98,184,181,0,Shortage,High,261.0,234.0,248.33333333333334,34.0,37.0,5.0,5.666666666666667
2024-01-01,2024,1,Q1,Lenovo IdeaPad Slim 3,Bangalore,15,225,209,44,6,3,47,194,1,212,68,3.83,77.12,217,205,0,Shortage,High,307.0,287.0,290.6666666666667,45.0,35.0,3.0,2.3333333333333335
2024-01-01,2024,1,Q1,Lenovo IdeaPad Slim 3,Delhi,15,286,279,43,6,3,74,271,1,270,97,3.37,78.37,279,295,0,Shortage,High,309.0,315.0,317.6666666666667,32.0,54.333333333333336,3.0,3.3333333333333335
2024-01-01,2024,1,Q1,Lenovo IdeaPad Slim 3,Mumbai,15,243,245,62,7,3,48,191,1,252,88,4.17,77.14,241,212,0,Shortage,High,320.0,256.0,291.6666666666667,47.0,55.0,2.0,2.3333333333333335
2024-02-01,2024,2,Q1,ASUS VivoBook 15,Bangalore,15,160,145,6,6,2,38,144,1,156,37,2.54,80.7,178,195,0,Shortage,High,159.0,213.0,198.66666666666666,36.0,45.666666666666664,2.0,2.0
2024-02-01,2024,2,Q1,ASUS VivoBook 15,Delhi,15,197,187,43,6,4,50,163,1,193,68,4.26,75.9,205,197,0,Shortage,High,173.0,242.0,220.0,23.0,43.0,3.0,2.0
2024-02-01,2024,2,Q1,ASUS VivoBook 15,Mumbai,15,184,175,31,6,5,38,177,1,188,72,5.68,77.09,192,184,0,Shortage,High,172.0,222.0,213.0,28.0,37.333333333333336,5.0,4.333333333333333
2024-02-01,2024,2,Q1,Acer Aspire 5,Bangalore,15,171,158,29,8,4,45,135,1,174,58,4.7,78.81,181,182,0,Shortage,High,165.0,200.0,187.0,32.0,30.666666666666668,4.0,2.6666666666666665
2024-02-01,2024,2,Q1,Acer Aspire 5,Delhi,15,196,216,52,7,3,54,194,1,202,61,3.56,81.07,209,196,0,Shortage,High,183.0,221.0,216.33333333333334,22.0,35.333333333333336,4.0,2.0
2024-02-01,2024,2,Q1,Acer Aspire 5,Mumbai,15,175,164,29,8,2,49,145,1,157,39,2.56,87.57,184,189,0,Shortage,High,174.0,199.0,200.66666666666666,15.0,26.333333333333332,1.0,1.0
2024-02-01,2024,2,Q1,Dell Inspiron 15,Bangalore,15,201,215,37,6,2,58,180,1,200,52,2.89,81.25,196,202,0,Shortage,High,215.0,257.0,253.0,41.0,55.333333333333336,3.0,3.3333333333333335
2024-02-01,2024,2,Q1,Dell Inspiron 15,Delhi,15,244,230,16,7,5,55,213,1,232,87,5.22,78.11,239,263,0,Shortage,High,235.0,294.0,279.3333333333333,26.0,46.0,5.0,4.333333333333333
2024-02-01,2024,2,Q1,Dell Inspiron 15,Mumbai,15,239,236,29,6,3,59,221,1,230,78,2.37,82.56,236,251,0,Shortage,High,228.0,277.0,266.0,22.0,31.666666666666668,2.0,1.6666666666666667
2024-02-01,2024,2,Q1,HP Pavilion 15,Bangalore,15,192,175,43,8,1,42,151,1,188,42,1.28,89.07,192,176,0,Shortage,Medium,193.0,235.0,231.33333333333334,44.0,46.333333333333336,2.0,3.3333333333333335
2024-02-01,2024,2,Q1,HP Pavilion 15,Delhi,15,243,261,51,5,3,52,239,1,252,85,3.93,78.34,237,223,0,Shortage,High,205.0,254.0,236.66666666666666,34.0,38.666666666666664,3.0,2.6666666666666665
2024-02-01,2024,2,Q1,HP Pavilion 15,Mumbai,15,197,195,21,8,5,36,189,1,194,72,4.83,76.53,208,208,0,Shortage,High,183.0,250.0,231.33333333333334,31.0,28.666666666666668,5.0,5.333333333333333
2024-02-01,2024,2,Q1,Lenovo IdeaPad Slim 3,Bangalore,15,240,235,31,8,3,62,237,1,232,79,4.41,77.4,249,265,0,Shortage,High,225.0,278.0,270.0,44.0,36.333333333333336,3.0,2.6666666666666665
2024-02-01,2024,2,Q1,Lenovo IdeaPad Slim 3,Delhi,15,294,288,69,8,2,76,278,1,262,90,2.34,82.55,316,308,0,Shortage,High,286.0,329.0,308.0,43.0,45.333333333333336,3.0,3.0
2024-02-01,2024,2,Q1,Lenovo IdeaPad Slim 3,Mumbai,15,249,269,71,8,2,73,210,1,237,71,1.91,85.61,263,250,0,Shortage,High,243.0,299.0,287.3333333333333,62.0,61.666666666666664,3.0,2.3333333333333335
2024-03-01,2024,3,Q1,ASUS VivoBook 15,Bangalore,15,181,165,30,7,3,35,150,1,162,49,3.43,81.6,194,184,0,Shortage,High,160.0,224.0,181.0,6.0,34.333333333333336,2.0,2.0
2024-03-01,2024,3,Q1,ASUS VivoBook 15,Delhi,15,206,195,40,7,3,55,175,1,182,56,4.11,79.57,226,226,0,Shortage,High,197.0,245.0,205.0,43.0,43.333333333333336,4.0,3.0
2024-03-01,2024,3,Q1,ASUS VivoBook 15,Mumbai,15,203,214,36,8,2,57,163,1,198,61,3.65,78.47,200,206,0,Shortage,High,184.0,245.0,200.33333333333334,31.0,32.333333333333336,5.0,5.0
2024-03-01,2024,3,Q1,Acer Aspire 5,Bangalore,15,177,177,37,7,4,49,170,1,181,57,5.18,76.39,171,168,0,Shortage,High,171.0,196.0,177.33333333333334,29.0,29.333333333333332,4.0,3.3333333333333335
2024-03-01,2024,3,Q1,Acer Aspire 5,Delhi,15,195,197,43,9,3,55,169,1,182,53,3.65,82.66,190,187,0,Shortage,High,196.0,245.0,208.0,52.0,33.0,3.0,2.6666666666666665
2024-03-01,2024,3,Q1,Acer Aspire 5,Mumbai,15,172,184,40,7,5,36,156,1,170,60,5.47,75.31,173,154,0,Shortage,High,175.0,229.0,192.66666666666666,29.0,26.0,2.0,1.3333333333333333
2024-03-01,2024,3,Q1,Dell Inspiron 15,Bangalore,15,196,160,47,9,2,48,165,1,189,53,3.46,81.45,188,174,0,Shortage,High,201.0,287.0,234.33333333333334,37.0,49.0,2.0,3.0
2024-03-01,2024,3,Q1,Dell Inspiron 15,Delhi,15,255,253,54,5,3,76,241,1,236,78,3.28,75.83,254,261,0,Shortage,High,244.0,309.0,262.6666666666667,16.0,39.0,5.0,5.0
2024-03-01,2024,3,Q1,Dell Inspiron 15,Mumbai,15,218,223,42,8,2,63,171,1,214,61,2.21,83.33,216,222,0,Shortage,High,239.0,293.0,253.33333333333334,29.0,30.333333333333332,3.0,2.3333333333333335
2024-03-01,2024,3,Q1,HP Pavilion 15,Bangalore,15,192,187,15,8,1,37,190,1,180,43,1.88,81.79,214,221,0,Shortage,High,192.0,266.0,217.0,43.0,44.0,1.0,2.3333333333333335
2024-03-01,2024,3,Q1,HP Pavilion 15,Delhi,15,220,188,35,7,3,65,191,1,195,63,3.78,72.51,244,259,0,Shortage,High,243.0,251.0,233.0,51.0,41.0,3.0,2.6666666666666665
2024-03-01,2024,3,Q1,HP Pavilion 15,Mumbai,15,201,214,38,8,3,58,165,1,202,60,4.03,75.07,197,202,0,Shortage,High,197.0,261.0,213.66666666666666,21.0,28.666666666666668,5.0,5.0
2024-03-01,2024,3,Q1,Lenovo IdeaPad Slim 3,Bangalore,15,228,221,51,7,4,60,226,1,232,80,3.69,79.81,253,247,0,Shortage,High,240.0,307.0,257.3333333333333,31.0,40.0,3.0,3.0
2024-03-01,2024,3,Q1,Lenovo IdeaPad Slim 3,Delhi,15,270,291,74,7,3,71,245,1,258,94,3.39,76.81,288,270,0,Shortage,High,294.0,309.0,296.3333333333333,69.0,48.0,2.0,2.6666666666666665
2024-03-01,2024,3,Q1,Lenovo IdeaPad Slim 3,Mumbai,15,265,259,71,6,3,75,225,1,245,87,3.26,79.47,276,265,0,Shortage,High,249.0,320.0,270.6666666666667,71.0,60.0,2.0,2.3333333333333335
2024-04-01,2024,4,Q2,ASUS VivoBook 15,Bangalore,15,201,196,31,7,5,36,186,1,203,74,5.29,76.85,218,208,0,Shortage,High,181.0,159.0,166.66666666666666,30.0,24.0,3.0,2.3333333333333335
2024-04-01,2024,4,Q2,ASUS VivoBook 15,Delhi,15,191,189,27,7,4,40,182,1,193,66,4.12,80.05,200,198,0,Shortage,High,206.0,173.0,192.0,40.0,35.333333333333336,3.0,3.3333333333333335
2024-04-01,2024,4,Q2,ASUS VivoBook 15,Mumbai,15,196,215,12,8,3,37,192,1,197,64,4.5,84.43,212,222,0,Shortage,High,203.0,172.0,186.33333333333334,36.0,31.666666666666668,2.0,4.0
2024-04-01,2024,4,Q2,Acer Aspire 5,Bangalore,15,177,183,25,5,3,43,153,1,169,48,3.82,78.28,191,194,0,Shortage,High,177.0,165.0,171.0,37.0,32.666666666666664,4.0,4.0
2024-04-01,2024,4,Q2,Acer Aspire 5,Delhi,15,184,170,29,9,4,48,163,1,165,56,4.84,75.12,195,199,0,Shortage,High,195.0,183.0,191.33333333333334,43.0,39.0,3.0,3.3333333333333335
2024-04-01,2024,4,Q2,Acer Aspire 5,Mumbai,15,174,175,35,7,4,36,174,1,180,56,4.53,74.7,171,157,0,Shortage,High,172.0,174.0,173.66666666666666,40.0,28.0,5.0,2.6666666666666665
2024-04-01,2024,4,Q2,Dell Inspiron 15,Bangalore,15,225,203,42,8,2,58,207,1,233,67,3.19,79.56,230,231,0,Shortage,High,196.0,215.0,204.0,47.0,41.666666666666664,2.0,2.3333333333333335
2024-04-01,2024,4,Q2,Dell Inspiron 15,Delhi,15,225,228,37,5,3,56,183,1,227,73,3.98,78.68,237,241,0,Shortage,High,255.0,235.0,244.66666666666666,54.0,32.0,3.0,4.333333333333333
2024-04-01,2024,4,Q2,Dell Inspiron 15,Mumbai,15,242,266,69,8,3,63,231,1,219,68,3.74,82.06,271,250,0,Shortage,High,218.0,228.0,228.33333333333334,42.0,31.0,2.0,2.3333333333333335
2024-04-01,2024,4,Q2,HP Pavilion 15,Bangalore,15,204,191,29,8,1,58,189,1,197,48,2.31,83.86,227,241,0,Shortage,High,192.0,193.0,192.33333333333334,15.0,34.0,1.0,1.3333333333333333
2024-04-01,2024,4,Q2,HP Pavilion 15,Delhi,15,245,246,42,8,3,53,204,1,254,88,3.17,77.72,247,243,0,Shortage,High,220.0,205.0,222.66666666666666,35.0,40.0,3.0,3.0
2024-04-01,2024,4,Q2,HP Pavilion 15,Mumbai,15,209,211,38,6,3,56,184,1,201,58,4.2,79.39,225,228,0,Shortage,High,201.0,183.0,193.66666666666666,38.0,30.0,3.0,4.333333333333333
2024-04-01,2024,4,Q2,Lenovo IdeaPad Slim 3,Bangalore,15,237,229,31,5,4,67,215,1,224,86,4.58,75.17,230,251,0,Shortage,High,228.0,225.0,231.0,51.0,42.0,4.0,3.3333333333333335
2024-04-01,2024,4,Q2,Lenovo IdeaPad Slim 3,Delhi,15,258,296,71,7,2,70,249,1,244,77,2.39,82.6,259,243,0,Shortage,High,270.0,286.0,283.3333333333333,74.0,62.0,3.0,2.6666666666666665
2024-04-01,2024,4,Q2,Lenovo IdeaPad Slim 3,Mumbai,15,236,210,36,6,3,65,185,1,236,78,4.44,79.09,254,268,0,Shortage,High,265.0,243.0,252.33333333333334,71.0,68.0,3.0,2.6666666666666665
2024-05-01,2024,5,Q2,ASUS VivoBook 15,Bangalore,15,190,204,15,8,4,46,149,1,182,58,2.94,83.97,182,198,0,Shortage,High,201.0,160.0,180.66666666666666,31.0,22.333333333333332,5.0,3.3333333333333335
2024-05-01,2024,5,Q2,ASUS VivoBook 15,Delhi,15,200,186,36,9,6,50,188,1,201,75,5.88,73.27,206,205,0,Shortage,High,191.0,197.0,198.0,27.0,36.666666666666664,4.0,3.6666666666666665
2024-05-01,2024,5,Q2,ASUS VivoBook 15,Mumbai,15,216,196,35,7,3,53,187,1,218,69,3.26,78.41,234,237,0,Shortage,High,196.0,184.0,194.33333333333334,12.0,26.333333333333332,3.0,3.3333333333333335
2024-05-01,2024,5,Q2,Acer Aspire 5,Bangalore,15,185,195,21,7,5,49,147,1,190,64,4.62,76.79,206,219,0,Shortage,High,177.0,171.0,175.0,25.0,30.333333333333332,3.0,3.6666666666666665
2024-05-01,2024,5,Q2,Acer Aspire 5,Delhi,15,190,206,44,9,3,37,150,1,197,54,2.45,87.29,201,179,0,Shortage,High,184.0,196.0,191.66666666666666,29.0,41.333333333333336,4.0,3.3333333333333335
2024-05-01,2024,5,Q2,Acer Aspire 5,Mumbai,15,193,216,31,9,5,45,151,1,195,73,4.05,75.84,195,194,0,Shortage,High,174.0,175.0,173.66666666666666,35.0,34.666666666666664,4.0,3.6666666666666665
2024-05-01,2024,5,Q2,Dell Inspiron 15,Bangalore,15,217,242,61,7,3,43,181,1,209,66,2.46,82.67,242,209,0,Shortage,High,225.0,201.0,207.33333333333334,42.0,42.0,2.0,2.0
2024-05-01,2024,5,Q2,Dell Inspiron 15,Delhi,15,274,288,28,6,6,74,265,1,263,100,5.21,72.65,272,303,0,Shortage,High,225.0,244.0,241.33333333333334,37.0,35.666666666666664,3.0,3.6666666666666665
2024-05-01,2024,5,Q2,Dell Inspiron 15,Mumbai,15,233,265,72,8,1,47,198,1,206,53,1.99,78.53,225,185,0,Shortage,High,242.0,239.0,233.0,69.0,46.666666666666664,3.0,2.6666666666666665
2024-05-01,2024,5,Q2,HP Pavilion 15,Bangalore,15,202,237,39,6,3,59,169,1,180,59,4.16,76.01,209,214,0,Shortage,High,204.0,192.0,196.0,29.0,29.0,1.0,1.0
2024-05-01,2024,5,Q2,HP Pavilion 15,Delhi,15,214,212,22,5,3,48,174,1,191,66,3.23,82.9,219,230,0,Shortage,High,245.0,243.0,236.0,42.0,42.666666666666664,3.0,3.0
2024-05-01,2024,5,Q2,HP Pavilion 15,Mumbai,15,208,220,47,7,1,41,192,1,188,45,2.29,86.11,214,193,0,Shortage,High,209.0,197.0,202.33333333333334,38.0,32.333333333333336,3.0,3.6666666666666665
2024-05-01,2024,5,Q2,Lenovo IdeaPad Slim 3,Bangalore,15,265,270,65,6,8,65,233,1,264,100,7.25,70.81,268,253,0,Shortage,High,237.0,240.0,235.0,31.0,37.666666666666664,4.0,3.6666666666666665
2024-05-01,2024,5,Q2,Lenovo IdeaPad Slim 3,Delhi,15,288,295,60,6,2,84,276,1,275,97,3.85,77.68,294,303,0,Shortage,High,258.0,294.0,274.0,71.0,71.33333333333333,2.0,2.3333333333333335
2024-05-01,2024,5,Q2,Lenovo IdeaPad Slim 3,Mumbai,15,269,275,60,7,3,61,240,1,275,98,4.02,78.78,279,265,0,Shortage,High,236.0,249.0,250.0,36.0,59.333333333333336,3.0,2.6666666666666665
2024-06-01,2024,6,Q2,ASUS VivoBook 15,Bangalore,15,179,174,28,7,3,41,142,1,166,50,4.42,77.45,177,175,0,Shortage,High,190.0,181.0,190.66666666666666,15.0,25.333333333333332,4.0,4.0
2024-06-01,2024,6,Q2,ASUS VivoBook 15,Delhi,15,202,219,21,7,4,41,158,1,185,64,3.95,79.91,219,224,0,Shortage,High,200.0,206.0,199.0,36.0,34.333333333333336,6.0,4.333333333333333
2024-06-01,2024,6,Q2,ASUS VivoBook 15,Mumbai,15,196,164,22,7,3,55,188,1,187,61,3.86,80.24,200,218,0,Shortage,High,216.0,203.0,205.0,35.0,27.666666666666668,3.0,2.6666666666666665
2024-06-01,2024,6,Q2,Acer Aspire 5,Bangalore,15,165,174,18,7,5,47,131,1,163,60,4.74,75.88,161,175,0,Shortage,High,185.0,177.0,179.66666666666666,21.0,27.666666666666668,5.0,4.0
2024-06-01,2024,6,Q2,Acer Aspire 5,Delhi,15,173,194,20,7,4,42,148,1,174,59,3.68,76.84,192,199,0,Shortage,High,190.0,195.0,189.66666666666666,44.0,38.666666666666664,3.0,3.3333333333333335
2024-06-01,2024,6,Q2,Acer Aspire 5,Mumbai,15,183,176,42,8,2,33,164,1,174,43,3.97,79.34,179,155,0,Shortage,High,193.0,172.0,179.66666666666666,31.0,35.333333333333336,5.0,4.666666666666667
2024-06-01,2024,6,Q2,Dell Inspiron 15,Bangalore,15,221,223,47,6,4,40,219,1,220,79,5.06,72.51,221,199,0,Shortage,High,217.0,196.0,212.66666666666666,61.0,50.0,3.0,2.3333333333333335
2024-06-01,2024,6,Q2,Dell Inspiron 15,Delhi,15,232,217,37,8,7,58,219,1,215,85,6.55,71.87,248,254,0,Shortage,High,274.0,255.0,251.33333333333334,28.0,39.666666666666664,6.0,4.0
2024-06-01,2024,6,Q2,Dell Inspiron 15,Mumbai,15,220,231,33,7,4,47,219,1,215,78,4.22,78.16,233,232,0,Shortage,High,233.0,218.0,231.0,72.0,61.0,1.0,2.0
2024-06-01,2024,6,Q2,HP Pavilion 15,Bangalore,15,191,167,24,8,2,42,182,1,173,49,3.02,78.66,193,196,0,Shortage,High,202.0,192.0,199.33333333333334,39.0,27.666666666666668,3.0,1.6666666666666667
2024-06-01,2024,6,Q2,HP Pavilion 15,Delhi,15,207,203,26,6,3,58,198,1,187,63,4.12,75.34,214,231,0,Shortage,High,214.0,220.0,226.33333333333334,22.0,33.0,3.0,3.0
2024-06-01,2024,6,Q2,HP Pavilion 15,Mumbai,15,213,205,39,9,1,46,187,1,216,53,1.8,83.36,238,230,0,Shortage,High,208.0,201.0,206.0,47.0,41.0,1.0,2.3333333333333335
2024-06-01,2024,6,Q2,Lenovo IdeaPad Slim 3,Bangalore,15,235,238,43,6,5,46,210,1,215,81,5.54,71.93,250,238,0,Shortage,High,265.0,228.0,243.33333333333334,65.0,49.0,8.0,5.333333333333333
2024-06-01,2024,6,Q2,Lenovo IdeaPad Slim 3,Delhi,15,277,299,44,6,3,56,281,1,244,91,3.35,75.51,267,264,0,Shortage,High,288.0,270.0,272.0,60.0,68.33333333333333,2.0,2.3333333333333335
2024-06-01,2024,6,Q2,Lenovo IdeaPad Slim 3,Mumbai,15,280,291,36,6,2,60,279,1,279,97,2.44,78.93,281,290,0,Shortage,High,269.0,265.0,256.6666666666667,60.0,55.666666666666664,3.0,3.0
2024-07-01,2024,7,Q3,ASUS VivoBook 15,Bangalore,15,172,174,22,6,4,37,164,1,162,51,4.89,79.02,182,182,0,Shortage,High,179.0,201.0,190.0,28.0,24.666666666666668,3.0,4.0
2024-07-01,2024,7,Q3,ASUS VivoBook 15,Delhi,15,217,217,18,10,5,40,189,1,202,74,4.91,72.12,225,232,0,Shortage,High,202.0,191.0,197.66666666666666,21.0,28.0,4.0,4.666666666666667
2024-07-01,2024,7,Q3,ASUS VivoBook 15,Mumbai,15,202,212,53,7,3,60,195,1,184,61,3.45,75.45,209,201,0,Shortage,High,196.0,196.0,202.66666666666666,22.0,23.0,3.0,3.0
2024-07-01,2024,7,Q3,Acer Aspire 5,Bangalore,15,167,153,22,7,5,41,161,1,159,57,5.55,75.81,187,191,0,Shortage,High,165.0,177.0,175.66666666666666,18.0,21.333333333333332,5.0,4.333333333333333
2024-07-01,2024,7,Q3,Acer Aspire 5,Delhi,15,210,194,32,7,4,38,180,1,209,75,4.76,76.89,224,215,0,Shortage,High,173.0,184.0,182.33333333333334,20.0,31.0,4.0,3.6666666666666665
2024-07-01,2024,7,Q3,Acer Aspire 5,Mumbai,15,188,189,23,7,2,36,186,1,177,45,3.29,79.38,207,205,0,Shortage,High,183.0,174.0,183.33333333333334,42.0,36.0,2.0,3.6666666666666665
2024-07-01,2024,7,Q3,Dell Inspiron 15,Bangalore,15,225,215,38,7,4,45,178,1,224,78,4.45,76.51,234,226,0,Shortage,High,221.0,225.0,221.0,47.0,50.0,4.0,3.0
2024-07-01,2024,7,Q3,Dell Inspiron 15,Delhi,15,252,229,52,9,5,69,236,1,257,95,5.97,68.9,266,268,0,Shortage,High,232.0,225.0,243.66666666666666,37.0,34.0,7.0,5.333333333333333
2024-07-01,2024,7,Q3,Dell Inspiron 15,Mumbai,15,261,226,46,5,5,64,208,1,261,100,5.06,75.15,251,254,0,Shortage,High,220.0,242.0,231.66666666666666,33.0,58.0,4.0,2.6666666666666665
2024-07-01,2024,7,Q3,HP Pavilion 15,Bangalore,15,193,198,30,8,6,55,166,1,178,69,6.04,73.98,198,208,0,Shortage,High,191.0,204.0,199.0,24.0,30.666666666666668,2.0,2.0
2024-07-01,2024,7,Q3,HP Pavilion 15,Delhi,15,217,204,47,7,2,52,193,1,192,56,2.52,86.21,207,197,0,Shortage,High,207.0,245.0,222.0,26.0,30.0,3.0,3.0
2024-07-01,2024,7,Q3,HP Pavilion 15,Mumbai,15,223,237,51,8,2,51,199,1,206,61,2.66,83.18,234,219,0,Shortage,High,213.0,209.0,210.0,39.0,41.333333333333336,1.0,1.6666666666666667
2024-07-01,2024,7,Q3,Lenovo IdeaPad Slim 3,Bangalore,15,268,276,38,8,4,63,253,1,255,94,4.09,75.51,272,282,0,Shortage,High,235.0,237.0,245.66666666666666,43.0,46.333333333333336,5.0,5.666666666666667
2024-07-01,2024,7,Q3,Lenovo IdeaPad Slim 3,Delhi,15,293,277,67,7,4,86,261,1,289,112,4.61,78.25,301,305,0,Shortage,High,277.0,258.0,274.3333333333333,44.0,58.333333333333336,3.0,2.3333333333333335
2024-07-01,2024,7,Q3,Lenovo IdeaPad Slim 3,Mumbai,15,274,290,37,6,2,71,272,1,261,88,3.29,82.69,270,289,0,Shortage,High,280.0,236.0,261.6666666666667,36.0,44.0,2.0,2.6666666666666665
2024-08-01,2024,8,Q3,ASUS VivoBook 15,Bangalore,15,194,199,49,6,4,58,192,1,197,65,4.33,75.23,204,198,0,Shortage,High,172.0,190.0,180.33333333333334,22.0,21.666666666666668,4.0,3.6666666666666665
2024-08-01,2024,8,Q3,ASUS VivoBook 15,Delhi,15,205,210,23,8,5,61,201,1,202,77,5.49,74.48,208,231,0,Shortage,High,217.0,200.0,206.33333333333334,18.0,25.0,5.0,5.0
2024-08-01,2024,8,Q3,ASUS VivoBook 15,Mumbai,15,225,219,16,8,4,57,196,1,198,72,5.23,73.62,251,277,0,Shortage,High,202.0,216.0,204.66666666666666,53.0,36.666666666666664,3.0,3.0
2024-08-01,2024,8,Q3,Acer Aspire 5,Bangalore,15,201,181,27,7,4,56,184,1,185,66,4.42,78.99,206,220,0,Shortage,High,167.0,185.0,172.33333333333334,22.0,20.333333333333332,5.0,5.0
2024-08-01,2024,8,Q3,Acer Aspire 5,Delhi,15,215,194,49,9,2,58,168,1,190,57,1.83,83.23,221,215,0,Shortage,High,210.0,190.0,191.0,32.0,32.0,4.0,3.6666666666666665
2024-08-01,2024,8,Q3,Acer Aspire 5,Mumbai,15,209,193,16,8,2,49,171,1,186,52,2.85,80.84,207,225,0,Shortage,High,188.0,193.0,188.0,23.0,32.0,2.0,3.0
2024-08-01,2024,8,Q3,Dell Inspiron 15,Bangalore,15,231,242,21,8,2,57,187,1,206,60,3.96,81.14,252,273,0,Shortage,High,225.0,217.0,221.0,38.0,48.666666666666664,4.0,3.6666666666666665
2024-08-01,2024,8,Q3,Dell Inspiron 15,Delhi,15,240,221,16,7,5,60,227,1,213,82,4.82,77.91,243,272,0,Shortage,High,252.0,274.0,252.66666666666666,52.0,39.0,5.0,6.0
2024-08-01,2024,8,Q3,Dell Inspiron 15,Mumbai,15,257,268,63,6,4,53,212,1,239,91,4.17,76.9,257,232,0,Shortage,High,261.0,233.0,238.0,46.0,50.333333333333336,5.0,3.3333333333333335
2024-08-01,2024,8,Q3,HP Pavilion 15,Bangalore,15,212,195,20,7,6,60,187,1,211,77,5.62,73.76,214,239,0,Shortage,High,193.0,202.0,195.33333333333334,30.0,31.0,6.0,3.6666666666666665
2024-08-01,2024,8,Q3,HP Pavilion 15,Delhi,15,230,253,55,7,1,56,184,1,218,59,2.35,81.09,245,231,0,Shortage,High,217.0,214.0,212.66666666666666,47.0,31.666666666666668,2.0,2.6666666666666665
2024-08-01,2024,8,Q3,HP Pavilion 15,Mumbai,15,231,234,27,7,2,69,226,1,220,64,1.44,84.08,252,279,0,Shortage,High,223.0,208.0,214.66666666666666,51.0,45.666666666666664,2.0,1.3333333333333333
2024-08-01,2024,8,Q3,Lenovo IdeaPad Slim 3,Bangalore,15,244,249,22,6,4,48,191,1,219,80,4.12,75.21,271,282,0,Shortage,High,268.0,265.0,256.0,38.0,48.666666666666664,4.0,5.666666666666667
2024-08-01,2024,8,Q3,Lenovo IdeaPad Slim 3,Delhi,15,312,335,73,7,3,65,263,1,283,108,3.45,74.23,338,315,0,Shortage,High,293.0,288.0,286.0,67.0,57.0,4.0,3.0
2024-08-01,2024,8,Q3,Lenovo IdeaPad Slim 3,Mumbai,15,276,268,46,7,2,68,256,1,277,93,2.99,78.83,297,304,0,Shortage,High,274.0,269.0,274.3333333333333,37.0,44.333333333333336,2.0,2.3333333333333335
2024-09-01,2024,9,Q3,ASUS VivoBook 15,Bangalore,15,198,198,30,5,6,59,201,1,206,81,5.78,74.48,195,209,0,Shortage,High,194.0,179.0,181.66666666666666,49.0,33.0,4.0,3.6666666666666665
2024-09-01,2024,9,Q3,ASUS VivoBook 15,Delhi,15,210,204,45,7,4,56,179,1,201,71,4.59,76.55,230,226,0,Shortage,High,205.0,202.0,208.0,23.0,20.666666666666668,5.0,4.666666666666667
2024-09-01,2024,9,Q3,ASUS VivoBook 15,Mumbai,15,212,211,16,8,3,56,182,1,213,69,4.32,78.83,232,257,0,Shortage,High,225.0,196.0,207.66666666666666,16.0,30.333333333333332,4.0,3.3333333333333335
2024-09-01,2024,9,Q3,Acer Aspire 5,Bangalore,15,171,162,19,7,4,50,171,1,173,56,3.31,80.85,187,203,0,Shortage,High,201.0,165.0,177.66666666666666,27.0,22.333333333333332,4.0,4.666666666666667
2024-09-01,2024,9,Q3,Acer Aspire 5,Delhi,15,197,199,34,8,4,38,159,1,178,57,3.91,80.94,206,195,0,Shortage,High,215.0,173.0,199.33333333333334,49.0,33.666666666666664,2.0,3.3333333333333335
2024-09-01,2024,9,Q3,Acer Aspire 5,Mumbai,15,196,185,31,7,0,53,170,1,194,39,0.71,90.66,198,205,0,Shortage,Medium,209.0,183.0,193.33333333333334,16.0,27.0,2.0,2.0
2024-09-01,2024,9,Q3,Dell Inspiron 15,Bangalore,15,241,205,60,6,2,70,236,1,227,67,2.06,82.52,232,227,0,Shortage,High,231.0,221.0,225.66666666666666,21.0,35.333333333333336,2.0,3.3333333333333335
2024-09-01,2024,9,Q3,Dell Inspiron 15,Delhi,15,253,272,51,7,3,76,251,1,241,82,3.09,82.78,274,284,0,Shortage,High,240.0,232.0,241.33333333333334,16.0,35.0,5.0,5.666666666666667
2024-09-01,2024,9,Q3,Dell Inspiron 15,Mumbai,15,237,249,63,7,5,46,192,1,223,83,6.03,73.49,250,218,0,Shortage,High,257.0,220.0,246.0,63.0,47.333333333333336,4.0,4.333333333333333
2024-09-01,2024,9,Q3,HP Pavilion 15,Bangalore,15,210,206,15,9,6,60,202,1,202,76,5.24,73.17,204,234,0,Shortage,High,212.0,191.0,198.66666666666666,20.0,24.666666666666668,6.0,4.666666666666667
2024-09-01,2024,9,Q3,HP Pavilion 15,Delhi,15,204,195,32,7,3,53,161,1,190,60,4.64,76.21,199,205,0,Shortage,High,230.0,207.0,218.0,55.0,42.666666666666664,1.0,2.0
2024-09-01,2024,9,Q3,HP Pavilion 15,Mumbai,15,222,241,35,7,4,52,219,1,226,75,5.53,78.27,225,227,0,Shortage,High,231.0,213.0,222.33333333333334,27.0,39.0,2.0,1.6666666666666667
2024-09-01,2024,9,Q3,Lenovo IdeaPad Slim 3,Bangalore,15,251,229,58,8,3,63,226,1,230,83,4.59,77.87,257,247,0,Shortage,High,244.0,235.0,249.0,22.0,34.333333333333336,4.0,4.333333333333333
2024-09-01,2024,9,Q3,Lenovo IdeaPad Slim 3,Delhi,15,288,286,39,9,2,76,233,1,262,90,3.75,77.95,310,332,0,Shortage,High,312.0,277.0,294.0,73.0,61.333333333333336,3.0,3.3333333333333335
2024-09-01,2024,9,Q3,Lenovo IdeaPad Slim 3,Mumbai,15,257,267,27,6,3,47,244,1,249,88,3.25,82.37,258,263,0,Shortage,High,276.0,280.0,276.6666666666667,46.0,39.666666666666664,2.0,2.0
2024-10-01,2024,10,Q4,ASUS VivoBook 15,Bangalore,15,194,196,15,7,5,52,178,1,175,66,5.52,73.77,193,215,0,Shortage,High,198.0,172.0,188.0,30.0,33.666666666666664,6.0,4.666666666666667
2024-10-01,2024,10,Q4,ASUS VivoBook 15,Delhi,15,225,261,65,7,2,58,213,1,227,67,2.77,82.2,231,209,0,Shortage,High,210.0,217.0,210.66666666666666,45.0,28.666666666666668,4.0,4.666666666666667
2024-10-01,2024,10,Q4,ASUS VivoBook 15,Mumbai,15,209,206,26,6,2,53,184,1,208,60,2.29,87.23,224,236,0,Shortage,High,212.0,202.0,213.0,16.0,28.333333333333332,3.0,3.3333333333333335
2024-10-01,2024,10,Q4,Acer Aspire 5,Bangalore,15,176,172,44,8,3,33,147,1,177,49,3.04,81.52,169,143,0,Shortage,High,171.0,167.0,179.66666666666666,19.0,22.666666666666668,4.0,4.333333333333333
2024-10-01,2024,10,Q4,Acer Aspire 5,Delhi,15,225,203,41,7,4,46,198,1,206,72,6.04,74.86,233,223,0,Shortage,High,197.0,210.0,207.33333333333334,34.0,38.333333333333336,4.0,3.3333333333333335
2024-10-01,2024,10,Q4,Acer Aspire 5,Mumbai,15,189,201,31,7,2,34,187,1,178,50,3.49,79.64,207,195,0,Shortage,High,196.0,188.0,197.66666666666666,31.0,23.333333333333332,0.0,1.3333333333333333
2024-10-01,2024,10,Q4,Dell Inspiron 15,Bangalore,15,229,232,39,7,3,62,190,1,232,74,3.47,80.92,221,229,0,Shortage,High,241.0,225.0,232.33333333333334,60.0,39.666666666666664,2.0,2.6666666666666665
2024-10-01,2024,10,Q4,Dell Inspiron 15,Delhi,15,292,251,60,7,4,66,263,1,303,116,4.12,73.62,280,271,0,Shortage,High,253.0,252.0,248.33333333333334,51.0,39.666666666666664,3.0,4.333333333333333
2024-10-01,2024,10,Q4,Dell Inspiron 15,Mumbai,15,266,247,44,8,3,69,209,1,248,89,3.94,81.03,281,291,0,Shortage,High,237.0,261.0,251.66666666666666,63.0,57.333333333333336,5.0,4.666666666666667
2024-10-01,2024,10,Q4,HP Pavilion 15,Bangalore,15,228,229,32,8,5,65,207,1,215,82,5.75,74.25,242,260,0,Shortage,High,210.0,193.0,205.0,15.0,21.666666666666668,6.0,6.0
2024-10-01,2024,10,Q4,HP Pavilion 15,Delhi,15,254,279,63,8,3,75,205,1,260,93,3.77,75.27,260,257,0,Shortage,High,204.0,217.0,217.0,32.0,44.666666666666664,3.0,2.0
2024-10-01,2024,10,Q4,HP Pavilion 15,Mumbai,15,227,224,37,8,4,43,191,1,204,76,4.38,80.31,242,233,0,Shortage,High,222.0,223.0,225.33333333333334,35.0,37.666666666666664,4.0,2.6666666666666665
2024-10-01,2024,10,Q4,Lenovo IdeaPad Slim 3,Bangalore,15,258,282,50,7,5,64,208,1,247,94,5.65,76.58,246,245,0,Shortage,High,251.0,268.0,254.33333333333334,58.0,39.333333333333336,3.0,3.6666666666666665
2024-10-01,2024,10,Q4,Lenovo IdeaPad Slim 3,Delhi,15,312,347,40,6,2,93,267,1,303,105,3.39,78.87,309,347,0,Shortage,High,288.0,293.0,297.6666666666667,39.0,59.666666666666664,2.0,3.0
2024-10-01,2024,10,Q4,Lenovo IdeaPad Slim 3,Mumbai,15,285,281,25,7,2,65,265,1,283,97,2.52,81.33,316,341,0,Shortage,High,257.0,274.0,269.0,27.0,36.666666666666664,3.0,2.3333333333333335
2024-11-01,2024,11,Q4,ASUS VivoBook 15,Bangalore,15,212,156,22,7,6,57,184,1,206,78,6.86,71.21,220,240,0,Shortage,High,194.0,194.0,195.33333333333334,15.0,31.333333333333332,5.0,5.0
2024-11-01,2024,11,Q4,ASUS VivoBook 15,Delhi,15,245,252,47,8,5,73,223,1,254,95,4.53,78.52,255,266,0,Shortage,High,225.0,205.0,213.33333333333334,65.0,44.333333333333336,2.0,3.6666666666666665
2024-11-01,2024,11,Q4,ASUS VivoBook 15,Mumbai,15,228,235,21,7,3,61,213,1,205,67,4.12,77.17,241,266,0,Shortage,High,209.0,225.0,215.33333333333334,26.0,19.333333333333332,2.0,3.0
2024-11-01,2024,11,Q4,Acer Aspire 5,Bangalore,15,219,220,58,8,3,43,197,1,222,73,4.16,79.91,245,215,0,Shortage,High,176.0,201.0,182.66666666666666,44.0,30.0,3.0,3.6666666666666665
2024-11-01,2024,11,Q4,Acer Aspire 5,Delhi,15,240,235,53,8,5,55,206,1,225,85,4.98,77.14,265,252,0,Shortage,High,225.0,215.0,212.33333333333334,41.0,41.333333333333336,4.0,3.3333333333333335
2024-11-01,2024,11,Q4,Acer Aspire 5,Mumbai,15,234,210,44,8,3,58,185,1,242,84,4.43,78.53,251,250,0,Shortage,High,189.0,209.0,198.0,31.0,26.0,2.0,1.3333333333333333
2024-11-01,2024,11,Q4,Dell Inspiron 15,Bangalore,15,266,261,42,8,2,52,220,1,248,80,2.91,81.65,283,278,0,Shortage,High,229.0,231.0,233.66666666666666,39.0,40.0,3.0,2.3333333333333335
2024-11-01,2024,11,Q4,Dell Inspiron 15,Delhi,15,299,310,51,8,4,57,234,1,274,102,4.34,77.54,289,280,0,Shortage,High,292.0,240.0,261.6666666666667,60.0,42.333333333333336,4.0,4.0
2024-11-01,2024,11,Q4,Dell Inspiron 15,Mumbai,15,297,301,26,6,5,54,298,1,277,103,4.11,79.38,318,331,0,Shortage,High,266.0,257.0,253.33333333333334,44.0,56.666666666666664,3.0,4.0
2024-11-01,2024,11,Q4,HP Pavilion 15,Bangalore,15,220,183,31,8,4,50,191,1,200,74,4.57,78.1,215,219,0,Shortage,High,228.0,212.0,216.66666666666666,32.0,22.333333333333332,5.0,5.666666666666667
2024-11-01,2024,11,Q4,HP Pavilion 15,Delhi,15,282,263,30,8,3,66,243,1,277,105,3.87,76.45,278,299,0,Shortage,High,254.0,230.0,229.33333333333334,63.0,50.0,3.0,2.3333333333333335
2024-11-01,2024,11,Q4,HP Pavilion 15,Mumbai,15,258,251,43,8,5,55,242,1,254,93,5.71,71.73,265,262,0,Shortage,High,227.0,231.0,226.66666666666666,37.0,33.0,4.0,3.3333333333333335
2024-11-01,2024,11,Q4,Lenovo IdeaPad Slim 3,Bangalore,15,286,301,39,7,4,67,236,1,254,97,5.58,74.98,312,325,0,Shortage,High,258.0,244.0,251.0,50.0,43.333333333333336,5.0,4.0
2024-11-01,2024,11,Q4,Lenovo IdeaPad Slim 3,Delhi,15,335,376,50,6,2,85,283,1,342,127,4.27,75.98,325,345,0,Shortage,High,312.0,312.0,304.0,40.0,50.666666666666664,2.0,2.3333333333333335
2024-11-01,2024,11,Q4,Lenovo IdeaPad Slim 3,Mumbai,15,296,295,73,7,4,63,252,1,272,102,5.73,74.11,309,284,0,Shortage,High,285.0,276.0,272.6666666666667,25.0,32.666666666666664,2.0,2.3333333333333335
2024-12-01,2024,12,Q4,ASUS VivoBook 15,Bangalore,15,216,188,48,7,5,54,204,1,190,74,4.52,74.74,238,229,0,Shortage,High,212.0,198.0,201.33333333333334,22.0,22.333333333333332,6.0,5.666666666666667
2024-12-01,2024,12,Q4,ASUS VivoBook 15,Delhi,15,266,234,16,8,4,79,216,1,237,92,4.3,77.8,268,316,0,Shortage,High,245.0,210.0,226.66666666666666,47.0,52.333333333333336,5.0,3.6666666666666665
2024-12-01,2024,12,Q4,ASUS VivoBook 15,Mumbai,15,233,204,49,6,5,69,227,1,214,85,4.67,80.42,228,233,0,Shortage,High,228.0,212.0,216.33333333333334,21.0,21.0,3.0,2.6666666666666665
2024-12-01,2024,12,Q4,Acer Aspire 5,Bangalore,15,212,201,28,7,2,61,184,1,207,59,2.72,85.31,232,250,0,Shortage,High,219.0,171.0,188.66666666666666,58.0,40.333333333333336,3.0,3.3333333333333335
2024-12-01,2024,12,Q4,Acer Aspire 5,Delhi,15,268,231,59,9,5,66,260,1,273,104,4.77,74.11,277,269,0,Shortage,High,240.0,197.0,220.66666666666666,53.0,42.666666666666664,5.0,4.333333333333333
2024-12-01,2024,12,Q4,Acer Aspire 5,Mumbai,15,242,212,59,8,3,65,223,1,230,78,4.11,78.21,258,249,0,Shortage,High,234.0,196.0,206.33333333333334,44.0,35.333333333333336,3.0,1.6666666666666667
2024-12-01,2024,12,Q4,Dell Inspiron 15,Bangalore,15,289,290,63,6,5,83,248,1,294,114,5.83,74.23,291,296,0,Shortage,High,266.0,241.0,245.33333333333334,42.0,47.0,2.0,2.3333333333333335
2024-12-01,2024,12,Q4,Dell Inspiron 15,Delhi,15,301,299,74,7,3,74,251,1,312,120,3.86,76.46,306,291,0,Shortage,High,299.0,253.0,281.3333333333333,51.0,54.0,4.0,3.6666666666666665
2024-12-01,2024,12,Q4,Dell Inspiron 15,Mumbai,15,298,339,64,7,5,71,293,1,300,115,4.51,80.44,293,285,0,Shortage,High,297.0,237.0,266.6666666666667,26.0,44.333333333333336,5.0,4.333333333333333
2024-12-01,2024,12,Q4,HP Pavilion 15,Bangalore,15,238,226,26,8,5,51,215,1,211,76,5.15,71.55,248,258,0,Shortage,High,220.0,210.0,219.33333333333334,31.0,26.0,4.0,5.0
2024-12-01,2024,12,Q4,HP Pavilion 15,Delhi,15,283,307,64,8,2,69,274,1,282,93,2.97,83.32,312,302,0,Shortage,High,282.0,204.0,246.66666666666666,30.0,41.666666666666664,3.0,3.0
2024-12-01,2024,12,Q4,HP Pavilion 15,Mumbai,15,269,244,48,4,6,74,218,1,262,101,6.26,75.29,272,283,0,Shortage,High,258.0,222.0,235.66666666666666,43.0,38.333333333333336,5.0,4.333333333333333
2024-12-01,2024,12,Q4,Lenovo IdeaPad Slim 3,Bangalore,15,306,268,45,5,4,64,244,1,274,106,4.12,79.83,328,332,0,Shortage,High,286.0,251.0,265.0,39.0,49.0,4.0,4.0
2024-12-01,2024,12,Q4,Lenovo IdeaPad Slim 3,Delhi,15,337,345,89,6,3,66,303,1,320,125,3.23,79.16,374,336,0,Shortage,High,335.0,288.0,311.6666666666667,50.0,43.0,2.0,2.0
2024-12-01,2024,12,Q4,Lenovo IdeaPad Slim 3,Mumbai,15,316,313,65,7,5,90,285,1,289,109,4.23,74.29,350,360,0,Shortage,High,296.0,257.0,279.3333333333333,73.0,41.666666666666664,4.0,3.0
2025-01-01,2025,1,Q1,ASUS VivoBook 15,Bangalore,15,154,154,30,8,3,37,132,1,151,46,4.34,75.76,157,149,0,Shortage,High,216.0,194.0,207.33333333333334,48.0,28.333333333333332,5.0,5.333333333333333
2025-01-01,2025,1,Q1,ASUS VivoBook 15,Delhi,15,158,178,38,5,3,36,139,1,151,43,3.77,80.15,174,157,0,Shortage,High,266.0,225.0,245.33333333333334,16.0,42.666666666666664,4.0,3.6666666666666665
2025-01-01,2025,1,Q1,ASUS VivoBook 15,Mumbai,15,182,180,21,7,4,44,170,1,189,62,4.59,73.98,183,191,0,Shortage,High,233.0,209.0,223.33333333333334,49.0,32.0,5.0,3.3333333333333335
2025-01-01,2025,1,Q1,Acer Aspire 5,Bangalore,15,167,164,42,7,1,35,152,1,151,28,1.72,88.66,163,141,0,Shortage,Medium,212.0,176.0,202.33333333333334,28.0,43.333333333333336,2.0,2.6666666666666665
2025-01-01,2025,1,Q1,Acer Aspire 5,Delhi,15,184,194,42,8,4,38,182,1,164,60,4.21,78.83,183,164,0,Shortage,High,268.0,225.0,244.33333333333334,59.0,51.0,5.0,4.666666666666667
2025-01-01,2025,1,Q1,Acer Aspire 5,Mumbai,15,182,173,33,10,3,40,176,1,184,50,3.29,73.83,202,194,0,Shortage,High,242.0,189.0,221.66666666666666,59.0,44.666666666666664,3.0,2.6666666666666665
2025-01-01,2025,1,Q1,Dell Inspiron 15,Bangalore,15,207,192,37,7,4,44,201,1,200,72,4.04,76.06,203,195,0,Shortage,High,289.0,229.0,261.3333333333333,63.0,48.0,5.0,3.3333333333333335
2025-01-01,2025,1,Q1,Dell Inspiron 15,Delhi,15,231,207,42,7,2,55,222,1,230,71,3.11,80.19,249,247,0,Shortage,High,301.0,292.0,297.3333333333333,74.0,61.666666666666664,3.0,3.6666666666666665
2025-01-01,2025,1,Q1,Dell Inspiron 15,Mumbai,15,217,227,31,5,4,41,198,1,203,72,4.87,74.68,232,227,0,Shortage,High,298.0,266.0,287.0,64.0,44.666666666666664,5.0,4.333333333333333
2025-01-01,2025,1,Q1,HP Pavilion 15,Bangalore,15,184,170,16,9,5,52,182,1,180,66,4.26,76.55,197,218,0,Shortage,High,238.0,228.0,228.66666666666666,26.0,29.666666666666668,5.0,4.666666666666667
2025-01-01,2025,1,Q1,HP Pavilion 15,Delhi,15,204,191,46,9,3,49,179,1,184,55,3.15,80.95,202,190,0,Shortage,High,283.0,254.0,273.0,64.0,52.333333333333336,2.0,2.6666666666666665
2025-01-01,2025,1,Q1,HP Pavilion 15,Mumbai,15,208,192,25,8,5,49,197,1,206,80,5.1,76.08,228,237,0,Shortage,High,269.0,227.0,251.33333333333334,48.0,42.666666666666664,6.0,5.0
2025-01-01,2025,1,Q1,Lenovo IdeaPad Slim 3,Bangalore,15,213,191,35,7,2,50,180,1,189,55,3.45,79.53,220,220,0,Shortage,High,306.0,258.0,283.3333333333333,45.0,44.666666666666664,4.0,4.333333333333333
2025-01-01,2025,1,Q1,Lenovo IdeaPad Slim 3,Delhi,15,259,277,30,7,3,62,230,1,244,85,3.38,81.0,278,295,0,Shortage,High,337.0,312.0,328.0,89.0,59.666666666666664,3.0,2.3333333333333335
2025-01-01,2025,1,Q1,Lenovo IdeaPad Slim 3,Mumbai,15,227,226,39,5,4,58,230,1,217,79,3.95,77.96,228,232,0,Shortage,High,316.0,285.0,299.0,65.0,54.333333333333336,5.0,3.6666666666666665
2025-02-01,2025,2,Q1,ASUS VivoBook 15,Bangalore,15,182,191,18,7,2,49,167,1,188,48,2.33,81.72,201,217,0,Shortage,High,154.0,212.0,194.0,30.0,33.333333333333336,3.0,4.666666666666667
2025-02-01,2025,2,Q1,ASUS VivoBook 15,Delhi,15,220,211,24,8,2,48,190,1,228,63,3.01,78.81,221,230,0,Shortage,High,158.0,245.0,223.0,38.0,33.666666666666664,3.0,4.0
2025-02-01,2025,2,Q1,ASUS VivoBook 15,Mumbai,15,173,168,37,8,2,33,165,1,175,42,2.77,84.12,191,172,0,Shortage,High,182.0,228.0,214.33333333333334,21.0,30.333333333333332,4.0,4.0
2025-02-01,2025,2,Q1,Acer Aspire 5,Bangalore,15,170,187,42,10,2,35,170,1,157,38,2.7,83.5,187,165,0,Shortage,High,167.0,219.0,199.33333333333334,42.0,42.666666666666664,1.0,2.0
2025-02-01,2025,2,Q1,Acer Aspire 5,Delhi,15,204,196,28,8,4,52,179,1,185,68,4.25,74.6,222,231,0,Shortage,High,184.0,240.0,230.66666666666666,42.0,51.333333333333336,4.0,4.666666666666667
2025-02-01,2025,2,Q1,Acer Aspire 5,Mumbai,15,173,169,28,9,3,48,138,1,154,43,6.03,75.67,185,190,0,Shortage,High,182.0,234.0,219.33333333333334,33.0,45.333333333333336,3.0,3.0
2025-02-01,2025,2,Q1,Dell Inspiron 15,Bangalore,15,220,233,26,9,4,40,208,1,220,80,3.58,76.78,243,242,0,Shortage,High,207.0,266.0,254.0,37.0,47.333333333333336,4.0,3.6666666666666665
2025-02-01,2025,2,Q1,Dell Inspiron 15,Delhi,15,244,215,19,7,2,59,206,1,248,76,2.9,79.51,240,265,0,Shortage,High,231.0,299.0,277.0,42.0,55.666666666666664,2.0,3.0
2025-02-01,2025,2,Q1,Dell Inspiron 15,Mumbai,15,241,228,34,9,4,56,203,1,226,83,4.43,78.65,268,275,0,Shortage,High,217.0,297.0,270.6666666666667,31.0,40.333333333333336,4.0,4.666666666666667
2025-02-01,2025,2,Q1,HP Pavilion 15,Bangalore,15,179,181,43,7,3,50,158,1,162,42,2.41,83.28,186,178,0,Shortage,High,184.0,220.0,214.0,16.0,24.333333333333332,5.0,4.666666666666667
2025-02-01,2025,2,Q1,HP Pavilion 15,Delhi,15,207,224,50,7,3,57,188,1,194,59,3.08,80.29,227,219,0,Shortage,High,204.0,282.0,256.3333333333333,46.0,46.666666666666664,3.0,2.6666666666666665
2025-02-01,2025,2,Q1,HP Pavilion 15,Mumbai,15,210,212,49,8,5,44,210,1,210,81,4.66,78.01,228,208,0,Shortage,High,208.0,258.0,245.0,25.0,38.666666666666664,5.0,5.333333333333333
2025-02-01,2025,2,Q1,Lenovo IdeaPad Slim 3,Bangalore,15,243,248,58,7,3,69,192,1,221,73,3.95,77.98,245,241,0,Shortage,High,213.0,286.0,268.3333333333333,35.0,39.666666666666664,2.0,3.3333333333333335
2025-02-01,2025,2,Q1,Lenovo IdeaPad Slim 3,Delhi,15,272,279,40,7,3,55,257,1,243,86,4.28,75.08,287,287,0,Shortage,High,259.0,335.0,310.3333333333333,30.0,56.333333333333336,3.0,2.6666666666666665
2025-02-01,2025,2,Q1,Lenovo IdeaPad Slim 3,Mumbai,15,264,279,26,7,4,55,212,1,252,95,5.02,74.99,266,280,0,Shortage,High,227.0,296.0,279.6666666666667,39.0,59.0,4.0,4.333333333333333
2025-03-01,2025,3,Q1,ASUS VivoBook 15,Bangalore,15,175,189,29,7,1,37,148,1,154,36,2.42,83.31,170,163,0,Shortage,Medium,182.0,216.0,184.0,18.0,32.0,2.0,3.3333333333333335
2025-03-01,2025,3,Q1,ASUS VivoBook 15,Delhi,15,186,173,36,8,2,34,155,1,170,46,2.44,81.72,205,188,0,Shortage,High,220.0,266.0,214.66666666666666,24.0,26.0,2.0,3.0
2025-03-01,2025,3,Q1,ASUS VivoBook 15,Mumbai,15,176,185,26,8,3,35,167,1,157,45,3.87,79.34,187,181,0,Shortage,High,173.0,233.0,196.0,37.0,35.666666666666664,2.0,3.6666666666666665
2025-03-01,2025,3,Q1,Acer Aspire 5,Bangalore,15,170,146,35,8,3,37,146,1,170,49,3.84,77.27,162,149,0,Shortage,High,170.0,212.0,183.0,42.0,37.333333333333336,2.0,1.6666666666666667
2025-03-01,2025,3,Q1,Acer Aspire 5,Delhi,15,194,177,13,7,4,53,179,1,191,64,5.03,78.46,211,236,0,Shortage,High,204.0,268.0,218.66666666666666,28.0,43.0,4.0,4.333333333333333
2025-03-01,2025,3,Q1,Acer Aspire 5,Mumbai,15,173,159,37,8,3,43,151,1,167,47,2.57,83.91,172,163,0,Shortage,High,173.0,242.0,199.0,28.0,40.0,3.0,3.0
2025-03-01,2025,3,Q1,Dell Inspiron 15,Bangalore,15,203,214,20,9,4,38,170,1,185,69,3.98,79.93,201,204,0,Shortage,High,220.0,289.0,238.66666666666666,26.0,42.0,4.0,4.333333333333333
2025-03-01,2025,3,Q1,Dell Inspiron 15,Delhi,15,264,295,48,7,4,62,211,1,273,104,4.82,77.11,278,277,0,Shortage,High,244.0,301.0,258.6666666666667,19.0,45.0,2.0,2.3333333333333335
2025-03-01,2025,3,Q1,Dell Inspiron 15,Mumbai,15,222,213,48,6,4,48,177,1,202,71,5.01,75.57,241,226,0,Shortage,High,241.0,298.0,252.0,34.0,43.0,4.0,4.333333333333333
2025-03-01,2025,3,Q1,HP Pavilion 15,Bangalore,15,195,179,41,7,4,42,189,1,178,59,3.53,82.42,213,199,0,Shortage,High,179.0,238.0,200.33333333333334,43.0,28.333333333333332,3.0,4.333333333333333
2025-03-01,2025,3,Q1,HP Pavilion 15,Delhi,15,206,186,25,8,5,57,183,1,184,68,4.92,77.07,226,243,0,Shortage,High,207.0,283.0,231.33333333333334,50.0,53.333333333333336,3.0,2.6666666666666665
2025-03-01,2025,3,Q1,HP Pavilion 15,Mumbai,15,214,205,38,7,5,40,170,1,211,83,4.92,75.76,223,210,0,Shortage,High,210.0,269.0,229.0,49.0,40.666666666666664,5.0,5.333333333333333
2025-03-01,2025,3,Q1,Lenovo IdeaPad Slim 3,Bangalore,15,235,245,68,6,4,67,213,1,211,74,5.03,73.53,242,226,0,Shortage,High,243.0,306.0,254.0,58.0,46.0,3.0,3.0
2025-03-01,2025,3,Q1,Lenovo IdeaPad Slim 3,Delhi,15,265,292,62,6,3,61,221,1,275,96,4.4,75.5,289,273,0,Shortage,High,272.0,337.0,289.3333333333333,40.0,53.0,3.0,3.0
2025-03-01,2025,3,Q1,Lenovo IdeaPad Slim 3,Mumbai,15,271,294,73,8,3,74,251,1,249,89,4.47,79.45,296,282,0,Shortage,High,264.0,316.0,269.0,26.0,43.333333333333336,4.0,4.333333333333333
2025-04-01,2025,4,Q2,ASUS VivoBook 15,Bangalore,15,189,176,20,6,0,48,190,1,187,40,1.06,85.32,206,219,0,Shortage,Medium,175.0,154.0,170.33333333333334,29.0,25.666666666666668,1.0,2.0
2025-04-01,2025,4,Q2,ASUS VivoBook 15,Delhi,15,207,231,21,7,1,46,162,1,184,48,2.23,83.71,224,234,0,Shortage,High,186.0,158.0,188.0,36.0,32.666666666666664,2.0,2.3333333333333335
2025-04-01,2025,4,Q2,ASUS VivoBook 15,Mumbai,15,203,221,33,7,3,53,163,1,180,59,3.71,83.05,214,219,0,Shortage,High,176.0,182.0,177.0,26.0,28.0,3.0,3.0
2025-04-01,2025,4,Q2,Acer Aspire 5,Bangalore,15,179,181,46,8,3,45,145,1,168,47,2.55,82.06,172,156,0,Shortage,High,170.0,167.0,169.0,35.0,39.666666666666664,3.0,2.0
2025-04-01,2025,4,Q2,Acer Aspire 5,Delhi,15,182,161,30,8,4,44,165,1,180,59,2.7,81.79,203,202,0,Shortage,High,194.0,184.0,194.0,13.0,27.666666666666668,4.0,4.0
2025-04-01,2025,4,Q2,Acer Aspire 5,Mumbai,15,182,182,30,7,4,44,181,1,164,52,2.64,82.44,188,187,0,Shortage,High,173.0,182.0,176.0,37.0,32.666666666666664,3.0,3.0
2025-04-01,2025,4,Q2,Dell Inspiron 15,Bangalore,15,219,226,40,9,3,53,204,1,226,72,3.97,79.41,223,221,0,Shortage,High,203.0,207.0,210.0,20.0,27.666666666666668,4.0,4.0
2025-04-01,2025,4,Q2,Dell Inspiron 15,Delhi,15,248,272,44,8,3,70,212,1,230,77,2.79,81.5,262,273,0,Shortage,High,264.0,231.0,246.33333333333334,48.0,36.333333333333336,4.0,2.6666666666666665
2025-04-01,2025,4,Q2,Dell Inspiron 15,Mumbai,15,236,230,21,7,4,54,232,1,221,82,4.6,78.22,241,259,0,Shortage,High,222.0,217.0,226.66666666666666,48.0,37.666666666666664,4.0,4.0
2025-04-01,2025,4,Q2,HP Pavilion 15,Bangalore,15,202,187,27,5,3,38,205,1,207,62,3.42,79.67,205,201,0,Shortage,High,195.0,184.0,186.0,41.0,33.333333333333336,4.0,4.0
2025-04-01,2025,4,Q2,HP Pavilion 15,Delhi,15,243,233,21,8,4,44,243,1,247,96,5.46,73.42,243,251,0,Shortage,High,206.0,204.0,205.66666666666666,25.0,40.333333333333336,5.0,3.6666666666666665
2025-04-01,2025,4,Q2,HP Pavilion 15,Mumbai,15,217,231,23,7,4,57,174,1,223,82,5.12,72.96,229,248,0,Shortage,High,214.0,208.0,210.66666666666666,38.0,37.333333333333336,5.0,5.0
2025-04-01,2025,4,Q2,Lenovo IdeaPad Slim 3,Bangalore,15,236,217,36,6,4,68,239,1,237,88,4.15,73.98,257,274,0,Shortage,High,235.0,213.0,230.33333333333334,68.0,53.666666666666664,4.0,3.0
2025-04-01,2025,4,Q2,Lenovo IdeaPad Slim 3,Delhi,15,274,313,44,7,4,61,269,1,262,99,5.03,77.06,276,278,0,Shortage,High,265.0,259.0,265.3333333333333,62.0,44.0,3.0,3.0
2025-04-01,2025,4,Q2,Lenovo IdeaPad Slim 3,Mumbai,15,270,269,52,6,3,58,239,1,259,96,3.45,78.19,286,277,0,Shortage,High,271.0,227.0,254.0,73.0,46.0,3.0,3.6666666666666665
2025-05-01,2025,5,Q2,ASUS VivoBook 15,Bangalore,15,195,193,45,7,1,48,155,1,182,43,2.08,82.25,216,204,0,Shortage,High,189.0,182.0,182.0,20.0,22.333333333333332,0.0,1.0
2025-05-01,2025,5,Q2,ASUS VivoBook 15,Delhi,15,190,168,48,8,1,41,175,1,184,42,0.99,89.52,191,169,0,Shortage,Medium,207.0,220.0,204.33333333333334,21.0,27.0,1.0,1.6666666666666667
2025-05-01,2025,5,Q2,ASUS VivoBook 15,Mumbai,15,191,169,23,8,2,48,151,1,180,42,3.27,78.64,210,220,0,Shortage,High,203.0,173.0,184.0,33.0,32.0,3.0,2.6666666666666665
2025-05-01,2025,5,Q2,Acer Aspire 5,Bangalore,15,181,191,46,8,2,48,142,1,164,43,2.23,85.01,197,184,0,Shortage,High,179.0,170.0,173.0,46.0,41.0,3.0,2.6666666666666665
2025-05-01,2025,5,Q2,Acer Aspire 5,Delhi,15,186,177,43,9,4,48,153,1,171,57,3.35,80.3,203,193,0,Shortage,High,182.0,204.0,193.33333333333334,30.0,23.666666666666668,4.0,4.0
2025-05-01,2025,5,Q2,Acer Aspire 5,Mumbai,15,174,157,30,9,4,52,166,1,170,58,4.88,73.77,182,189,0,Shortage,High,182.0,173.0,176.0,30.0,31.666666666666668,4.0,3.3333333333333335
2025-05-01,2025,5,Q2,Dell Inspiron 15,Bangalore,15,195,164,38,5,3,48,168,1,202,60,4.33,79.8,195,190,0,Shortage,High,219.0,220.0,214.0,40.0,28.666666666666668,3.0,3.6666666666666665
2025-05-01,2025,5,Q2,Dell Inspiron 15,Delhi,15,254,276,48,7,3,52,242,1,243,83,3.35,76.62,273,262,0,Shortage,High,248.0,244.0,252.0,44.0,37.0,3.0,3.0
2025-05-01,2025,5,Q2,Dell Inspiron 15,Mumbai,15,244,214,27,8,3,56,225,1,221,73,3.41,78.64,249,263,0,Shortage,High,236.0,241.0,233.0,21.0,34.333333333333336,4.0,4.0
2025-05-01,2025,5,Q2,HP Pavilion 15,Bangalore,15,199,189,37,7,2,49,169,1,180,51,2.81,77.84,218,215,0,Shortage,High,202.0,179.0,192.0,27.0,37.0,3.0,3.3333333333333335
2025-05-01,2025,5,Q2,HP Pavilion 15,Delhi,15,235,230,46,7,4,68,214,1,226,84,4.21,80.26,228,235,0,Shortage,High,243.0,207.0,218.66666666666666,21.0,32.0,4.0,4.0
2025-05-01,2025,5,Q2,HP Pavilion 15,Mumbai,15,212,200,55,8,3,51,214,1,202,65,2.33,83.54,218,199,0,Shortage,High,217.0,210.0,213.66666666666666,23.0,36.666666666666664,4.0,4.666666666666667
2025-05-01,2025,5,Q2,Lenovo IdeaPad Slim 3,Bangalore,15,234,217,53,7,4,60,209,1,227,84,3.97,77.39,241,233,0,Shortage,High,236.0,243.0,238.0,36.0,54.0,4.0,3.6666666666666665
2025-05-01,2025,5,Q2,Lenovo IdeaPad Slim 3,Delhi,15,303,282,67,7,5,84,283,1,272,102,5.29,78.64,331,333,0,Shortage,High,274.0,272.0,270.3333333333333,44.0,48.666666666666664,4.0,3.3333333333333335
2025-05-01,2025,5,Q2,Lenovo IdeaPad Slim 3,Mumbai,15,260,251,45,6,4,71,216,1,261,96,5.02,78.63,279,290,0,Shortage,High,270.0,264.0,268.3333333333333,52.0,50.333333333333336,3.0,3.3333333333333335
2025-06-01,2025,6,Q2,ASUS VivoBook 15,Bangalore,15,170,171,25,8,3,45,173,1,152,43,3.61,78.74,179,184,0,Shortage,High,195.0,175.0,186.33333333333334,45.0,31.333333333333332,1.0,0.6666666666666666
2025-06-01,2025,6,Q2,ASUS VivoBook 15,Delhi,15,193,172,29,6,2,53,189,1,194,54,2.19,83.3,214,223,0,Shortage,High,190.0,186.0,194.33333333333334,48.0,35.0,1.0,1.3333333333333333
2025-06-01,2025,6,Q2,ASUS VivoBook 15,Mumbai,15,190,189,25,8,1,35,184,1,185,46,2.43,85.11,193,188,0,Shortage,High,191.0,176.0,190.0,23.0,27.333333333333332,2.0,2.6666666666666665
2025-06-01,2025,6,Q2,Acer Aspire 5,Bangalore,15,171,179,25,8,2,31,150,1,173,42,2.66,81.69,182,173,0,Shortage,High,181.0,170.0,176.66666666666666,46.0,42.333333333333336,2.0,2.6666666666666665
2025-06-01,2025,6,Q2,Acer Aspire 5,Delhi,15,172,168,18,9,4,34,175,1,171,52,3.66,77.23,168,169,0,Shortage,High,186.0,194.0,187.33333333333334,43.0,28.666666666666668,4.0,4.0
2025-06-01,2025,6,Q2,Acer Aspire 5,Mumbai,15,170,170,22,8,3,38,152,1,155,45,3.71,81.75,182,183,0,Shortage,High,174.0,173.0,176.33333333333334,30.0,32.333333333333336,4.0,3.6666666666666665
2025-06-01,2025,6,Q2,Dell Inspiron 15,Bangalore,15,215,217,52,6,3,41,210,1,206,64,3.41,78.99,234,208,0,Shortage,High,195.0,203.0,205.66666666666666,38.0,32.666666666666664,3.0,3.3333333333333335
2025-06-01,2025,6,Q2,Dell Inspiron 15,Delhi,15,258,240,60,8,2,77,250,1,267,85,2.97,83.02,259,261,0,Shortage,High,254.0,264.0,255.33333333333334,48.0,46.666666666666664,3.0,3.3333333333333335
2025-06-01,2025,6,Q2,Dell Inspiron 15,Mumbai,15,229,221,49,8,3,54,213,1,227,76,3.5,77.8,229,219,0,Shortage,High,244.0,222.0,234.0,27.0,32.0,3.0,3.6666666666666665
2025-06-01,2025,6,Q2,HP Pavilion 15,Bangalore,15,181,189,58,8,1,54,179,1,181,38,1.82,90.35,189,170,0,Shortage,Medium,199.0,195.0,198.66666666666666,37.0,35.0,2.0,3.0
2025-06-01,2025,6,Q2,HP Pavilion 15,Delhi,15,201,204,46,9,3,38,159,1,190,58,2.91,79.67,212,189,0,Shortage,High,235.0,206.0,228.0,46.0,30.666666666666668,4.0,4.333333333333333
2025-06-01,2025,6,Q2,HP Pavilion 15,Mumbai,15,215,192,43,6,5,60,188,1,213,83,4.91,75.6,212,214,0,Shortage,High,212.0,214.0,214.33333333333334,55.0,38.666666666666664,3.0,4.0
2025-06-01,2025,6,Q2,Lenovo IdeaPad Slim 3,Bangalore,15,233,231,35,6,5,58,185,1,224,85,4.41,76.32,258,266,0,Shortage,High,234.0,235.0,235.0,53.0,52.333333333333336,4.0,4.0
2025-06-01,2025,6,Q2,Lenovo IdeaPad Slim 3,Delhi,15,259,256,45,7,4,61,219,1,252,93,5.22,72.78,260,261,0,Shortage,High,303.0,265.0,280.6666666666667,67.0,57.666666666666664,5.0,4.0
2025-06-01,2025,6,Q2,Lenovo IdeaPad Slim 3,Mumbai,15,262,265,63,6,4,72,224,1,234,93,4.34,75.66,279,273,0,Shortage,High,260.0,271.0,267.0,45.0,56.666666666666664,4.0,3.3333333333333335
2025-07-01,2025,7,Q3,ASUS VivoBook 15,Bangalore,15,174,160,26,7,3,40,174,1,163,45,2.8,80.54,181,180,0,Shortage,High,170.0,189.0,184.66666666666666,25.0,30.0,3.0,1.3333333333333333
2025-07-01,2025,7,Q3,ASUS VivoBook 15,Delhi,15,212,215,54,7,1,42,197,1,211,56,2.12,79.63,205,178,0,Shortage,High,193.0,207.0,196.66666666666666,29.0,32.666666666666664,2.0,1.3333333333333333
2025-07-01,2025,7,Q3,ASUS VivoBook 15,Mumbai,15,205,200,50,8,4,45,196,1,192,67,3.72,78.73,222,202,0,Shortage,High,190.0,203.0,194.66666666666666,25.0,27.0,1.0,2.0
2025-07-01,2025,7,Q3,Acer Aspire 5,Bangalore,15,176,176,37,8,2,37,138,1,160,42,2.33,83.54,194,179,0,Shortage,High,171.0,179.0,177.0,25.0,39.0,2.0,2.3333333333333335
2025-07-01,2025,7,Q3,Acer Aspire 5,Delhi,15,213,209,44,8,3,46,212,1,200,64,3.9,79.83,206,193,0,Shortage,High,172.0,182.0,180.0,18.0,30.333333333333332,4.0,4.0
2025-07-01,2025,7,Q3,Acer Aspire 5,Mumbai,15,199,210,48,7,3,52,192,1,204,63,3.48,79.0,214,203,0,Shortage,High,170.0,182.0,175.33333333333334,22.0,27.333333333333332,3.0,3.6666666666666665
2025-07-01,2025,7,Q3,Dell Inspiron 15,Bangalore,15,227,226,54,6,5,56,204,1,221,84,5.18,72.02,237,224,0,Shortage,High,215.0,219.0,209.66666666666666,52.0,43.333333333333336,3.0,3.0
2025-07-01,2025,7,Q3,Dell Inspiron 15,Delhi,15,273,247,27,8,2,70,242,1,275,88,3.29,82.75,291,319,0,Shortage,High,258.0,248.0,253.33333333333334,60.0,50.666666666666664,2.0,2.6666666666666665
2025-07-01,2025,7,Q3,Dell Inspiron 15,Mumbai,15,241,229,50,7,3,44,195,1,216,70,3.07,82.11,250,229,0,Shortage,High,229.0,236.0,236.33333333333334,49.0,32.333333333333336,3.0,3.3333333333333335
2025-07-01,2025,7,Q3,HP Pavilion 15,Bangalore,15,223,212,30,7,1,49,193,1,215,57,1.99,82.38,227,231,0,Shortage,High,181.0,202.0,194.0,58.0,40.666666666666664,1.0,2.0
2025-07-01,2025,7,Q3,HP Pavilion 15,Delhi,15,241,259,36,6,4,70,231,1,222,83,4.59,77.61,242,261,0,Shortage,High,201.0,243.0,226.33333333333334,46.0,37.666666666666664,3.0,3.6666666666666665
2025-07-01,2025,7,Q3,HP Pavilion 15,Mumbai,15,215,185,26,6,3,60,210,1,217,72,3.7,82.47,240,259,0,Shortage,High,215.0,217.0,214.66666666666666,43.0,40.333333333333336,5.0,4.0
2025-07-01,2025,7,Q3,Lenovo IdeaPad Slim 3,Bangalore,15,268,312,40,7,5,72,251,1,268,102,4.66,78.61,280,297,0,Shortage,High,233.0,236.0,234.33333333333334,35.0,41.333333333333336,5.0,4.333333333333333
2025-07-01,2025,7,Q3,Lenovo IdeaPad Slim 3,Delhi,15,277,283,29,7,5,71,253,1,272,104,5.89,74.09,272,299,0,Shortage,High,259.0,274.0,278.6666666666667,45.0,52.0,4.0,4.333333333333333
2025-07-01,2025,7,Q3,Lenovo IdeaPad Slim 3,Mumbai,15,273,267,32,6,3,78,249,1,253,87,3.34,81.44,285,316,0,Shortage,High,262.0,270.0,264.0,63.0,53.333333333333336,4.0,3.6666666666666665
2025-08-01,2025,8,Q3,ASUS VivoBook 15,Bangalore,15,188,201,45,8,2,43,185,1,172,46,1.53,91.22,193,176,0,Shortage,High,174.0,195.0,179.66666666666666,26.0,32.0,3.0,2.3333333333333335
2025-08-01,2025,8,Q3,ASUS VivoBook 15,Delhi,15,230,238,43,7,3,66,184,1,205,70,4.0,75.64,244,252,0,Shortage,High,212.0,190.0,198.33333333333334,54.0,43.666666666666664,1.0,1.3333333333333333
2025-08-01,2025,8,Q3,ASUS VivoBook 15,Mumbai,15,200,200,26,8,4,45,166,1,205,72,4.12,80.62,192,196,0,Shortage,High,205.0,191.0,195.33333333333334,50.0,32.666666666666664,4.0,2.3333333333333335
2025-08-01,2025,8,Q3,Acer Aspire 5,Bangalore,15,170,163,38,8,3,39,154,1,176,50,1.83,83.62,172,158,0,Shortage,High,176.0,181.0,176.0,37.0,36.0,2.0,2.0
2025-08-01,2025,8,Q3,Acer Aspire 5,Delhi,15,223,219,34,7,3,64,212,1,232,77,3.59,74.97,233,248,0,Shortage,High,213.0,186.0,190.33333333333334,44.0,35.0,3.0,3.6666666666666665
2025-08-01,2025,8,Q3,Acer Aspire 5,Mumbai,15,190,199,18,7,3,57,162,1,175,53,3.1,79.75,205,229,0,Shortage,High,199.0,174.0,181.0,48.0,33.333333333333336,3.0,3.3333333333333335
2025-08-01,2025,8,Q3,Dell Inspiron 15,Bangalore,15,226,213,36,7,3,63,216,1,203,68,3.97,79.83,236,248,0,Shortage,High,227.0,195.0,212.33333333333334,54.0,48.0,5.0,3.6666666666666665
2025-08-01,2025,8,Q3,Dell Inspiron 15,Delhi,15,279,295,68,7,2,82,267,1,287,93,2.69,82.88,304,303,0,Shortage,High,273.0,254.0,261.6666666666667,27.0,45.0,2.0,2.3333333333333335
2025-08-01,2025,8,Q3,Dell Inspiron 15,Mumbai,15,248,236,42,8,2,59,205,1,252,77,2.74,82.14,260,262,0,Shortage,High,241.0,244.0,238.0,50.0,42.0,3.0,3.0
2025-08-01,2025,8,Q3,HP Pavilion 15,Bangalore,15,214,195,38,9,3,40,198,1,219,69,3.63,79.35,205,192,0,Shortage,High,223.0,199.0,201.0,30.0,41.666666666666664,1.0,1.3333333333333333
2025-08-01,2025,8,Q3,HP Pavilion 15,Delhi,15,268,236,25,8,2,59,264,1,243,76,2.75,84.83,261,280,0,Shortage,High,241.0,235.0,225.66666666666666,36.0,42.666666666666664,4.0,3.6666666666666665
2025-08-01,2025,8,Q3,HP Pavilion 15,Mumbai,15,247,239,62,7,4,63,221,1,221,84,4.88,73.33,242,228,0,Shortage,High,215.0,212.0,214.0,26.0,41.333333333333336,3.0,3.6666666666666665
2025-08-01,2025,8,Q3,Lenovo IdeaPad Slim 3,Bangalore,15,268,278,53,7,4,55,258,1,236,89,3.9,75.81,262,249,0,Shortage,High,268.0,234.0,245.0,40.0,42.666666666666664,5.0,4.666666666666667
2025-08-01,2025,8,Q3,Lenovo IdeaPad Slim 3,Delhi,15,318,336,36,5,3,90,309,1,282,107,3.64,79.72,307,346,0,Shortage,High,277.0,303.0,279.6666666666667,29.0,47.0,5.0,4.666666666666667
2025-08-01,2025,8,Q3,Lenovo IdeaPad Slim 3,Mumbai,15,273,282,53,7,2,79,268,1,245,79,2.83,78.22,260,271,0,Shortage,High,273.0,260.0,265.0,32.0,46.666666666666664,3.0,3.6666666666666665
2025-09-01,2025,9,Q3,ASUS VivoBook 15,Bangalore,15,188,209,35,6,2,55,188,1,187,48,3.51,77.61,192,197,0,Shortage,High,188.0,170.0,177.33333333333334,45.0,32.0,2.0,2.6666666666666665
2025-09-01,2025,9,Q3,ASUS VivoBook 15,Delhi,15,208,207,44,8,2,54,190,1,213,57,2.82,84.46,230,225,0,Shortage,High,230.0,193.0,211.66666666666666,43.0,42.0,3.0,2.0
2025-09-01,2025,9,Q3,ASUS VivoBook 15,Mumbai,15,210,218,42,6,5,62,187,1,208,80,4.33,76.63,234,239,0,Shortage,High,200.0,190.0,198.33333333333334,26.0,33.666666666666664,4.0,3.0
2025-09-01,2025,9,Q3,Acer Aspire 5,Bangalore,15,175,171,28,7,5,35,153,1,172,61,6.04,72.62,188,180,0,Shortage,High,170.0,171.0,172.33333333333334,38.0,33.333333333333336,3.0,2.3333333333333335
2025-09-01,2025,9,Q3,Acer Aspire 5,Delhi,15,191,178,43,9,4,35,171,1,183,63,4.48,78.38,200,177,0,Shortage,High,223.0,172.0,202.66666666666666,34.0,32.0,3.0,3.3333333333333335
2025-09-01,2025,9,Q3,Acer Aspire 5,Mumbai,15,204,194,54,6,4,43,196,1,206,70,4.13,81.09,212,186,0,Shortage,High,190.0,170.0,186.33333333333334,18.0,29.333333333333332,3.0,3.0
2025-09-01,2025,9,Q3,Dell Inspiron 15,Bangalore,15,211,210,51,9,4,62,165,1,188,64,3.59,81.96,219,215,0,Shortage,High,226.0,215.0,222.66666666666666,36.0,47.333333333333336,3.0,3.6666666666666665
2025-09-01,2025,9,Q3,Dell Inspiron 15,Delhi,15,257,264,70,7,2,75,245,1,248,77,3.86,78.11,273,263,0,Shortage,High,279.0,258.0,270.0,68.0,51.666666666666664,2.0,2.0
2025-09-01,2025,9,Q3,Dell Inspiron 15,Mumbai,15,233,217,49,8,2,54,208,1,209,61,2.46,81.04,222,212,0,Shortage,High,248.0,229.0,239.33333333333334,42.0,47.0,2.0,2.6666666666666665
2025-09-01,2025,9,Q3,HP Pavilion 15,Bangalore,15,205,228,43,7,2,39,183,1,206,62,3.52,77.64,227,208,0,Shortage,High,214.0,181.0,206.0,38.0,42.0,3.0,1.6666666666666667
2025-09-01,2025,9,Q3,HP Pavilion 15,Delhi,15,241,227,44,6,1,58,212,1,223,61,2.26,82.26,246,245,0,Shortage,High,268.0,201.0,236.66666666666666,25.0,35.666666666666664,2.0,3.0
2025-09-01,2025,9,Q3,HP Pavilion 15,Mumbai,15,219,226,27,8,2,58,198,1,214,63,2.79,81.74,227,243,0,Shortage,High,247.0,215.0,225.66666666666666,62.0,43.666666666666664,4.0,4.0
2025-09-01,2025,9,Q3,Lenovo IdeaPad Slim 3,Bangalore,15,245,233,26,7,3,71,220,1,250,84,4.03,78.7,253,283,0,Shortage,High,268.0,233.0,256.3333333333333,53.0,42.666666666666664,4.0,4.666666666666667
2025-09-01,2025,9,Q3,Lenovo IdeaPad Slim 3,Delhi,15,289,290,75,8,4,54,294,1,288,107,4.6,80.5,317,281,0,Shortage,High,318.0,259.0,284.6666666666667,36.0,36.666666666666664,3.0,4.0
2025-09-01,2025,9,Q3,Lenovo IdeaPad Slim 3,Mumbai,15,258,283,55,6,1,54,252,1,245,69,2.15,80.9,278,262,0,Shortage,High,273.0,262.0,269.3333333333333,53.0,49.333333333333336,2.0,3.0
2025-10-01,2025,10,Q4,ASUS VivoBook 15,Bangalore,15,209,208,45,7,1,61,210,1,217,52,2.87,84.11,218,219,0,Shortage,High,188.0,174.0,183.33333333333334,35.0,35.333333333333336,2.0,2.3333333333333335
2025-10-01,2025,10,Q4,ASUS VivoBook 15,Delhi,15,246,226,37,8,2,55,203,1,242,73,3.1,81.71,268,271,0,Shortage,High,208.0,212.0,216.66666666666666,44.0,47.0,2.0,2.0
2025-10-01,2025,10,Q4,ASUS VivoBook 15,Mumbai,15,214,235,26,8,5,40,207,1,214,82,5.83,77.75,209,208,0,Shortage,High,210.0,205.0,205.0,42.0,39.333333333333336,5.0,4.333333333333333
2025-10-01,2025,10,Q4,Acer Aspire 5,Bangalore,15,179,179,20,8,3,46,164,1,172,50,3.64,78.99,183,194,0,Shortage,High,175.0,176.0,173.66666666666666,28.0,34.333333333333336,5.0,3.3333333333333335
2025-10-01,2025,10,Q4,Acer Aspire 5,Delhi,15,213,215,53,8,4,48,172,1,192,70,5.02,74.44,210,190,0,Shortage,High,191.0,213.0,209.0,43.0,40.333333333333336,4.0,3.3333333333333335
2025-10-01,2025,10,Q4,Acer Aspire 5,Mumbai,15,211,182,35,8,5,39,214,1,207,79,4.52,78.29,236,225,0,Shortage,High,204.0,199.0,197.66666666666666,54.0,40.0,4.0,3.3333333333333335
2025-10-01,2025,10,Q4,Dell Inspiron 15,Bangalore,15,276,287,49,6,4,67,243,1,255,97,5.12,78.4,290,293,0,Shortage,High,211.0,227.0,221.33333333333334,51.0,47.0,4.0,4.0
2025-10-01,2025,10,Q4,Dell Inspiron 15,Delhi,15,277,288,57,8,2,57,235,1,270,84,2.42,84.99,274,259,0,Shortage,High,257.0,273.0,269.6666666666667,70.0,55.0,2.0,2.0
2025-10-01,2025,10,Q4,Dell Inspiron 15,Mumbai,15,276,286,35,7,2,50,273,1,263,85,3.47,80.95,304,304,0,Shortage,High,233.0,241.0,240.66666666666666,49.0,47.0,2.0,2.3333333333333335
2025-10-01,2025,10,Q4,HP Pavilion 15,Bangalore,15,230,229,33,7,2,58,222,1,229,69,3.8,77.3,238,248,0,Shortage,High,205.0,223.0,214.0,43.0,37.0,2.0,2.0
2025-10-01,2025,10,Q4,HP Pavilion 15,Delhi,15,262,258,23,7,2,64,245,1,270,89,2.79,81.69,290,316,0,Shortage,High,241.0,241.0,250.0,44.0,35.0,1.0,2.3333333333333335
2025-10-01,2025,10,Q4,HP Pavilion 15,Mumbai,15,235,194,46,7,2,45,207,1,218,64,2.48,82.55,249,233,0,Shortage,High,219.0,215.0,227.0,27.0,38.333333333333336,2.0,3.0
2025-10-01,2025,10,Q4,Lenovo IdeaPad Slim 3,Bangalore,15,249,228,41,7,2,60,223,1,249,79,2.37,79.39,239,243,0,Shortage,High,245.0,268.0,260.3333333333333,26.0,39.666666666666664,3.0,4.0
2025-10-01,2025,10,Q4,Lenovo IdeaPad Slim 3,Delhi,15,335,331,29,5,6,82,286,1,298,114,6.55,66.85,338,376,0,Shortage,High,289.0,277.0,294.6666666666667,75.0,46.666666666666664,4.0,4.0
2025-10-01,2025,10,Q4,Lenovo IdeaPad Slim 3,Mumbai,15,284,261,60,8,1,75,238,1,262,80,1.47,88.34,275,275,0,Shortage,High,258.0,273.0,268.0,55.0,46.666666666666664,1.0,2.0
2025-11-01,2025,11,Q4,ASUS VivoBook 15,Bangalore,15,222,238,57,8,1,64,223,1,209,52,0.74,90.29,239,231,0,Shortage,High,209.0,188.0,195.0,45.0,41.666666666666664,1.0,1.6666666666666667
2025-11-01,2025,11,Q4,ASUS VivoBook 15,Delhi,15,266,225,57,6,2,75,238,1,268,87,2.49,81.5,273,276,0,Shortage,High,246.0,230.0,228.0,37.0,41.333333333333336,2.0,2.3333333333333335
2025-11-01,2025,11,Q4,ASUS VivoBook 15,Mumbai,15,228,246,53,7,4,62,188,1,223,84,4.9,76.79,230,224,0,Shortage,High,214.0,200.0,208.0,26.0,31.333333333333332,5.0,4.666666666666667
2025-11-01,2025,11,Q4,Acer Aspire 5,Bangalore,15,200,173,27,8,5,37,199,1,196,76,4.76,75.96,210,205,0,Shortage,High,179.0,170.0,174.66666666666666,20.0,28.666666666666668,3.0,3.6666666666666665
2025-11-01,2025,11,Q4,Acer Aspire 5,Delhi,15,235,203,36,8,4,58,233,1,235,86,3.94,78.24,233,240,0,Shortage,High,213.0,223.0,209.0,53.0,43.333333333333336,4.0,3.6666666666666665
2025-11-01,2025,11,Q4,Acer Aspire 5,Mumbai,15,224,237,35,7,4,54,207,1,225,85,4.91,72.5,225,229,0,Shortage,High,211.0,190.0,201.66666666666666,35.0,35.666666666666664,5.0,4.0
2025-11-01,2025,11,Q4,Dell Inspiron 15,Bangalore,15,261,245,49,5,2,55,262,1,251,77,2.81,83.59,270,261,0,Shortage,High,276.0,226.0,237.66666666666666,49.0,45.333333333333336,4.0,3.6666666666666665
2025-11-01,2025,11,Q4,Dell Inspiron 15,Delhi,15,320,309,37,6,4,87,258,1,328,124,4.67,78.22,328,363,0,Shortage,High,277.0,279.0,271.0,57.0,65.0,2.0,2.0
2025-11-01,2025,11,Q4,Dell Inspiron 15,Mumbai,15,258,246,57,7,2,49,256,1,265,86,2.9,82.32,283,260,0,Shortage,High,276.0,248.0,252.33333333333334,35.0,42.0,2.0,2.0
2025-11-01,2025,11,Q4,HP Pavilion 15,Bangalore,15,236,245,62,8,2,64,200,1,240,73,3.67,79.83,235,222,0,Shortage,High,230.0,214.0,216.33333333333334,33.0,38.0,2.0,2.3333333333333335
2025-11-01,2025,11,Q4,HP Pavilion 15,Delhi,15,271,241,36,8,2,57,254,1,261,85,3.49,81.68,301,307,0,Shortage,High,262.0,268.0,257.0,23.0,30.666666666666668,2.0,1.6666666666666667
2025-11-01,2025,11,Q4,HP Pavilion 15,Mumbai,15,284,315,63,8,2,62,258,1,263,89,2.77,78.07,299,283,0,Shortage,High,235.0,247.0,233.66666666666666,46.0,45.0,2.0,2.6666666666666665
2025-11-01,2025,11,Q4,Lenovo IdeaPad Slim 3,Bangalore,15,304,346,84,7,2,90,307,1,273,96,2.86,84.37,307,298,0,Shortage,High,249.0,268.0,254.0,41.0,40.0,2.0,3.0
2025-11-01,2025,11,Q4,Lenovo IdeaPad Slim 3,Delhi,15,345,339,87,7,8,63,333,1,339,132,7.37,72.05,379,340,0,Shortage,High,335.0,318.0,314.0,29.0,46.666666666666664,6.0,4.333333333333333
2025-11-01,2025,11,Q4,Lenovo IdeaPad Slim 3,Mumbai,15,321,305,69,5,1,73,312,1,316,103,2.43,82.95,348,337,0,Shortage,High,284.0,273.0,271.6666666666667,60.0,56.0,1.0,1.3333333333333333
2025-12-01,2025,12,Q4,ASUS VivoBook 15,Bangalore,15,248,282,49,6,1,49,224,1,246,70,2.41,83.12,242,227,0,Shortage,High,222.0,188.0,206.33333333333334,57.0,45.666666666666664,1.0,1.3333333333333333
2025-12-01,2025,12,Q4,ASUS VivoBook 15,Delhi,15,277,261,34,8,3,54,236,1,286,105,3.91,76.92,300,305,0,Shortage,High,266.0,208.0,240.0,57.0,46.0,2.0,2.0
2025-12-01,2025,12,Q4,ASUS VivoBook 15,Mumbai,15,268,253,26,7,3,74,242,1,259,89,3.69,78.48,269,302,0,Shortage,High,228.0,210.0,217.33333333333334,53.0,40.333333333333336,4.0,4.666666666666667
2025-12-01,2025,12,Q4,Acer Aspire 5,Bangalore,15,211,187,14,8,3,52,203,1,190,64,2.92,83.38,225,248,0,Shortage,High,200.0,175.0,184.66666666666666,27.0,25.0,5.0,4.333333333333333
2025-12-01,2025,12,Q4,Acer Aspire 5,Delhi,15,254,238,41,7,4,66,204,1,231,86,4.63,77.1,283,293,0,Shortage,High,235.0,191.0,213.0,36.0,44.0,4.0,4.0
2025-12-01,2025,12,Q4,Acer Aspire 5,Mumbai,15,243,230,38,8,3,60,231,1,237,83,3.32,78.64,258,265,0,Shortage,High,224.0,204.0,213.0,35.0,41.333333333333336,4.0,4.333333333333333
2025-12-01,2025,12,Q4,Dell Inspiron 15,Bangalore,15,236,220,20,7,2,55,240,1,233,69,3.08,81.43,254,274,0,Shortage,High,261.0,211.0,249.33333333333334,49.0,49.666666666666664,2.0,3.3333333333333335
2025-12-01,2025,12,Q4,Dell Inspiron 15,Delhi,15,294,263,44,7,2,86,246,1,282,93,3.63,78.89,314,341,0,Shortage,High,320.0,257.0,284.6666666666667,37.0,54.666666666666664,4.0,2.6666666666666665
2025-12-01,2025,12,Q4,Dell Inspiron 15,Mumbai,15,309,287,48,7,2,76,257,1,273,94,4.16,81.58,297,310,0,Shortage,High,258.0,233.0,255.66666666666666,57.0,47.0,2.0,2.0
2025-12-01,2025,12,Q4,HP Pavilion 15,Bangalore,15,223,227,51,7,2,65,177,1,205,59,2.26,85.92,234,233,0,Shortage,High,236.0,205.0,223.66666666666666,62.0,46.0,2.0,2.0
2025-12-01,2025,12,Q4,HP Pavilion 15,Delhi,15,286,281,32,6,3,61,269,1,259,95,4.22,77.24,292,306,0,Shortage,High,271.0,241.0,258.0,36.0,34.333333333333336,2.0,1.6666666666666667
2025-12-01,2025,12,Q4,HP Pavilion 15,Mumbai,15,283,290,67,6,2,81,226,1,291,97,2.73,83.74,304,303,0,Shortage,High,284.0,219.0,246.0,63.0,45.333333333333336,2.0,2.0
2025-12-01,2025,12,Q4,Lenovo IdeaPad Slim 3,Bangalore,15,322,330,31,7,4,58,293,1,304,115,4.9,75.65,353,365,0,Shortage,High,304.0,245.0,266.0,84.0,50.333333333333336,2.0,2.3333333333333335
2025-12-01,2025,12,Q4,Lenovo IdeaPad Slim 3,Delhi,15,397,387,50,7,7,78,354,1,363,135,6.53,72.48,377,390,0,Shortage,High,345.0,289.0,323.0,87.0,63.666666666666664,8.0,6.0
2025-12-01,2025,12,Q4,Lenovo IdeaPad Slim 3,Mumbai,15,345,291,70,8,2,72,302,1,354,134,3.46,81.57,386,373,0,Shortage,High,321.0,258.0,287.6666666666667,69.0,61.333333333333336,1.0,1.0
2026-01-01,2026,1,Q1,ASUS VivoBook 15,Bangalore,15,176,162,33,7,1,48,158,1,172,39,2.62,85.39,186,186,0,Shortage,Medium,248.0,209.0,226.33333333333334,49.0,50.333333333333336,1.0,1.0
2026-01-01,2026,1,Q1,ASUS VivoBook 15,Delhi,15,189,189,42,6,2,47,151,1,172,48,2.99,80.84,197,187,0,Shortage,High,277.0,246.0,263.0,34.0,42.666666666666664,3.0,2.3333333333333335
2026-01-01,2026,1,Q1,ASUS VivoBook 15,Mumbai,15,162,151,31,7,3,43,132,1,157,44,3.18,76.52,168,165,0,Shortage,High,268.0,214.0,236.66666666666666,26.0,35.0,3.0,4.0
2026-01-01,2026,1,Q1,Acer Aspire 5,Bangalore,15,165,157,29,7,2,47,162,1,150,38,2.84,81.24,162,165,0,Shortage,High,211.0,179.0,196.66666666666666,14.0,20.333333333333332,3.0,3.6666666666666665
2026-01-01,2026,1,Q1,Acer Aspire 5,Delhi,15,164,160,39,6,3,30,146,1,145,45,3.16,85.05,168,144,0,Shortage,High,254.0,213.0,234.0,41.0,43.333333333333336,4.0,4.0
2026-01-01,2026,1,Q1,Acer Aspire 5,Mumbai,15,167,181,38,8,2,46,159,1,153,43,3.02,84.0,179,172,0,Shortage,High,243.0,211.0,226.0,38.0,36.0,3.0,4.0
2026-01-01,2026,1,Q1,Dell Inspiron 15,Bangalore,15,210,199,49,6,1,53,213,1,209,51,1.62,82.42,211,200,0,Shortage,High,236.0,276.0,257.6666666666667,20.0,39.333333333333336,2.0,2.6666666666666665
2026-01-01,2026,1,Q1,Dell Inspiron 15,Delhi,15,249,263,53,6,2,71,254,1,222,70,3.49,80.54,269,272,0,Shortage,High,294.0,277.0,297.0,44.0,46.0,2.0,2.6666666666666665
2026-01-01,2026,1,Q1,Dell Inspiron 15,Mumbai,15,212,191,22,8,1,54,171,1,219,56,1.57,85.45,214,231,0,Shortage,High,309.0,276.0,281.0,48.0,46.666666666666664,2.0,2.0
2026-01-01,2026,1,Q1,HP Pavilion 15,Bangalore,15,185,203,21,7,2,36,180,1,175,49,2.78,85.36,178,178,0,Shortage,High,223.0,230.0,229.66666666666666,51.0,48.666666666666664,2.0,2.0
2026-01-01,2026,1,Q1,HP Pavilion 15,Delhi,15,210,203,49,10,3,61,195,1,212,67,2.95,77.42,211,208,0,Shortage,High,286.0,262.0,273.0,32.0,30.333333333333332,3.0,2.3333333333333335
2026-01-01,2026,1,Q1,HP Pavilion 15,Mumbai,15,208,190,29,7,3,59,182,1,195,61,2.4,81.92,205,220,0,Shortage,High,283.0,235.0,267.3333333333333,67.0,58.666666666666664,2.0,2.0
2026-01-01,2026,1,Q1,Lenovo IdeaPad Slim 3,Bangalore,15,232,231,34,6,3,60,222,1,212,73,3.3,79.13,249,260,0,Shortage,High,322.0,249.0,291.6666666666667,31.0,52.0,4.0,2.6666666666666665
2026-01-01,2026,1,Q1,Lenovo IdeaPad Slim 3,Delhi,15,272,296,63,8,7,76,271,1,274,107,6.28,71.42,264,262,0,Shortage,High,397.0,335.0,359.0,50.0,55.333333333333336,7.0,7.0
2026-01-01,2026,1,Q1,Lenovo IdeaPad Slim 3,Mumbai,15,234,217,32,8,1,57,224,1,241,65,1.93,80.09,262,272,0,Shortage,High,345.0,284.0,316.6666666666667,70.0,66.33333333333333,2.0,1.3333333333333333
2026-02-01,2026,2,Q1,ASUS VivoBook 15,Bangalore,15,188,187,55,6,3,55,165,1,181,55,3.09,82.37,207,192,0,Shortage,High,176.0,222.0,215.33333333333334,33.0,46.333333333333336,1.0,1.0
2026-02-01,2026,2,Q1,ASUS VivoBook 15,Delhi,15,196,194,41,7,3,35,165,1,181,54,4.54,77.13,219,198,0,Shortage,High,189.0,266.0,244.0,42.0,44.333333333333336,2.0,2.3333333333333335
2026-02-01,2026,2,Q1,ASUS VivoBook 15,Mumbai,15,174,186,39,7,3,37,162,1,172,50,3.23,83.28,189,172,0,Shortage,High,162.0,228.0,219.33333333333334,31.0,36.666666666666664,3.0,3.3333333333333335
2026-02-01,2026,2,Q1,Acer Aspire 5,Bangalore,15,155,134,16,9,2,31,138,1,157,35,2.48,81.81,165,165,0,Shortage,High,165.0,200.0,192.0,29.0,23.333333333333332,2.0,3.3333333333333335
2026-02-01,2026,2,Q1,Acer Aspire 5,Delhi,15,193,197,23,7,2,48,171,1,197,54,3.47,79.65,191,201,0,Shortage,High,164.0,235.0,217.66666666666666,39.0,38.666666666666664,3.0,3.6666666666666665
2026-02-01,2026,2,Q1,Acer Aspire 5,Mumbai,15,175,171,8,7,6,48,161,1,169,61,5.66,75.91,189,214,0,Shortage,High,167.0,224.0,211.33333333333334,38.0,37.0,2.0,3.0
2026-02-01,2026,2,Q1,Dell Inspiron 15,Bangalore,15,219,207,47,8,2,47,210,1,207,59,2.5,84.85,211,196,0,Shortage,High,210.0,261.0,235.66666666666666,49.0,39.333333333333336,1.0,1.6666666666666667
2026-02-01,2026,2,Q1,Dell Inspiron 15,Delhi,15,257,270,67,6,2,64,214,1,251,78,3.74,83.01,267,249,0,Shortage,High,249.0,320.0,287.6666666666667,53.0,44.666666666666664,2.0,2.6666666666666665
2026-02-01,2026,2,Q1,Dell Inspiron 15,Mumbai,15,219,199,52,8,0,48,213,1,226,51,1.28,89.0,214,195,0,Shortage,Medium,212.0,258.0,259.6666666666667,22.0,42.333333333333336,1.0,1.6666666666666667
2026-02-01,2026,2,Q1,HP Pavilion 15,Bangalore,15,190,188,24,6,1,56,168,1,170,37,1.95,87.16,197,214,0,Shortage,Medium,185.0,236.0,214.66666666666666,21.0,44.666666666666664,2.0,2.0
2026-02-01,2026,2,Q1,HP Pavilion 15,Delhi,15,222,211,30,7,3,46,194,1,221,70,3.65,81.0,235,236,0,Shortage,High,210.0,271.0,255.66666666666666,49.0,39.0,3.0,2.6666666666666665
2026-02-01,2026,2,Q1,HP Pavilion 15,Mumbai,15,203,206,33,8,4,53,165,1,189,61,4.21,77.49,215,220,0,Shortage,High,208.0,284.0,258.3333333333333,29.0,53.0,3.0,2.3333333333333335
2026-02-01,2026,2,Q1,Lenovo IdeaPad Slim 3,Bangalore,15,237,259,43,6,3,52,240,1,231,77,2.98,83.21,263,257,0,Shortage,High,232.0,304.0,286.0,34.0,49.666666666666664,3.0,3.0
2026-02-01,2026,2,Q1,Lenovo IdeaPad Slim 3,Delhi,15,260,291,54,6,7,60,234,1,266,101,5.65,72.07,287,278,0,Shortage,High,272.0,345.0,338.0,63.0,66.66666666666667,7.0,7.333333333333333
2026-02-01,2026,2,Q1,Lenovo IdeaPad Slim 3,Mumbai,15,249,231,50,6,3,48,209,1,254,86,3.65,78.35,260,243,0,Shortage,High,234.0,321.0,300.0,32.0,57.0,1.0,1.3333333333333333
2026-03-01,2026,3,Q1,ASUS VivoBook 15,Bangalore,15,160,151,20,8,3,42,152,1,157,42,3.37,81.91,165,172,0,Shortage,High,188.0,248.0,204.0,55.0,45.666666666666664,3.0,1.6666666666666667
2026-03-01,2026,3,Q1,ASUS VivoBook 15,Delhi,15,208,195,32,9,5,61,207,1,206,77,5.01,75.32,215,229,0,Shortage,High,196.0,277.0,220.66666666666666,41.0,39.0,3.0,2.6666666666666665
2026-03-01,2026,3,Q1,ASUS VivoBook 15,Mumbai,15,194,201,23,8,1,46,196,1,184,42,1.96,79.81,200,208,0,Shortage,Medium,174.0,268.0,201.33333333333334,39.0,32.0,3.0,3.0
2026-03-01,2026,3,Q1,Acer Aspire 5,Bangalore,15,190,182,39,8,0,35,193,1,177,33,0.39,87.23,182,163,0,Shortage,Medium,155.0,211.0,177.0,16.0,19.666666666666668,2.0,2.3333333333333335
2026-03-01,2026,3,Q1,Acer Aspire 5,Delhi,15,195,179,18,8,2,46,153,1,193,51,2.81,83.24,201,214,0,Shortage,High,193.0,254.0,203.66666666666666,23.0,34.333333333333336,2.0,3.0
2026-03-01,2026,3,Q1,Acer Aspire 5,Mumbai,15,179,190,19,7,7,40,174,1,158,62,6.72,70.76,186,192,0,Shortage,High,175.0,243.0,195.0,8.0,28.0,6.0,3.6666666666666665
2026-03-01,2026,3,Q1,Dell Inspiron 15,Bangalore,15,216,225,34,8,1,59,210,1,197,48,2.74,81.66,238,248,0,Shortage,High,219.0,236.0,221.66666666666666,47.0,38.666666666666664,2.0,1.6666666666666667
2026-03-01,2026,3,Q1,Dell Inspiron 15,Delhi,15,266,293,74,6,2,78,239,1,237,79,2.75,79.31,289,278,0,Shortage,High,257.0,294.0,266.6666666666667,67.0,54.666666666666664,2.0,2.0
2026-03-01,2026,3,Q1,Dell Inspiron 15,Mumbai,15,237,261,28,8,1,52,189,1,240,64,2.65,85.05,246,255,0,Shortage,High,219.0,309.0,246.66666666666666,52.0,40.666666666666664,0.0,1.0
2026-03-01,2026,3,Q1,HP Pavilion 15,Bangalore,15,201,199,36,8,0,41,165,1,185,40,1.2,91.98,207,197,0,Shortage,Medium,190.0,223.0,199.33333333333334,24.0,32.0,1.0,1.6666666666666667
2026-03-01,2026,3,Q1,HP Pavilion 15,Delhi,15,206,220,29,8,3,39,183,1,201,64,3.64,78.36,206,201,0,Shortage,High,222.0,286.0,239.33333333333334,30.0,37.0,3.0,3.0
2026-03-01,2026,3,Q1,HP Pavilion 15,Mumbai,15,192,201,51,9,4,44,195,1,185,62,5.08,75.93,208,186,0,Shortage,High,203.0,283.0,231.33333333333334,33.0,43.0,4.0,3.0
2026-03-01,2026,3,Q1,Lenovo IdeaPad Slim 3,Bangalore,15,257,260,53,6,5,55,217,1,245,92,4.24,75.31,272,259,0,Shortage,High,237.0,322.0,263.6666666666667,43.0,36.0,3.0,3.3333333333333335
2026-03-01,2026,3,Q1,Lenovo IdeaPad Slim 3,Delhi,15,268,276,25,5,6,56,224,1,263,101,6.31,76.24,271,287,0,Shortage,High,260.0,397.0,309.6666666666667,54.0,55.666666666666664,7.0,7.0
2026-03-01,2026,3,Q1,Lenovo IdeaPad Slim 3,Mumbai,15,236,233,36,7,5,47,196,1,216,79,4.3,76.55,264,260,0,Shortage,High,249.0,345.0,276.0,50.0,50.666666666666664,3.0,2.0
2026-04-01,2026,4,Q2,ASUS VivoBook 15,Bangalore,15,195,206,21,8,4,56,168,1,183,62,5.07,73.4,207,227,0,Shortage,High,160.0,176.0,174.66666666666666,20.0,36.0,3.0,2.3333333333333335
2026-04-01,2026,4,Q2,ASUS VivoBook 15,Delhi,15,197,181,30,8,4,59,161,1,204,69,3.94,80.32,188,202,0,Shortage,High,208.0,189.0,197.66666666666666,32.0,38.333333333333336,5.0,3.3333333333333335
2026-04-01,2026,4,Q2,ASUS VivoBook 15,Mumbai,15,211,206,19,8,1,45,183,1,201,51,2.92,83.83,213,224,0,Shortage,High,194.0,162.0,176.66666666666666,23.0,31.0,1.0,2.3333333333333335
2026-04-01,2026,4,Q2,Acer Aspire 5,Bangalore,15,171,143,26,8,1,36,166,1,152,36,2.0,83.97,183,178,0,Shortage,Medium,190.0,165.0,170.0,39.0,28.0,0.0,1.3333333333333333
2026-04-01,2026,4,Q2,Acer Aspire 5,Delhi,15,189,186,37,9,4,55,153,1,170,61,6.0,70.41,198,201,0,Shortage,High,195.0,164.0,184.0,18.0,26.666666666666668,2.0,2.3333333333333335
2026-04-01,2026,4,Q2,Acer Aspire 5,Mumbai,15,176,180,30,10,7,32,154,1,165,61,5.91,73.09,170,157,0,Shortage,High,179.0,167.0,173.66666666666666,19.0,21.666666666666668,7.0,5.0
2026-04-01,2026,4,Q2,Dell Inspiron 15,Bangalore,15,232,208,46,7,1,51,202,1,234,64,1.81,82.27,240,230,0,Shortage,High,216.0,210.0,215.0,34.0,43.333333333333336,1.0,1.3333333333333333
2026-04-01,2026,4,Q2,Dell Inspiron 15,Delhi,15,254,257,57,6,1,61,245,1,232,63,2.47,83.54,282,271,0,Shortage,High,266.0,249.0,257.3333333333333,74.0,64.66666666666667,2.0,2.0
2026-04-01,2026,4,Q2,Dell Inspiron 15,Mumbai,15,236,280,56,7,4,70,228,1,211,76,4.7,75.61,235,234,0,Shortage,High,237.0,212.0,222.66666666666666,28.0,34.0,1.0,0.6666666666666666
2026-04-01,2026,4,Q2,HP Pavilion 15,Bangalore,15,207,199,32,8,1,51,170,1,206,51,1.61,88.42,208,212,0,Shortage,High,201.0,185.0,192.0,36.0,27.0,0.0,1.0
2026-04-01,2026,4,Q2,HP Pavilion 15,Delhi,15,215,217,54,7,3,43,214,1,194,62,3.5,78.03,216,190,0,Shortage,High,206.0,210.0,212.66666666666666,29.0,36.0,3.0,3.0
2026-04-01,2026,4,Q2,HP Pavilion 15,Mumbai,15,205,200,27,8,3,45,190,1,188,57,4.26,82.05,211,214,0,Shortage,High,192.0,208.0,201.0,51.0,37.666666666666664,4.0,3.6666666666666665
2026-04-01,2026,4,Q2,Lenovo IdeaPad Slim 3,Bangalore,15,251,268,32,7,3,66,245,1,224,78,3.89,76.14,252,271,0,Shortage,High,257.0,232.0,242.0,53.0,43.333333333333336,5.0,3.6666666666666665
2026-04-01,2026,4,Q2,Lenovo IdeaPad Slim 3,Delhi,15,276,297,36,5,4,74,254,1,253,97,3.06,78.62,286,309,0,Shortage,High,268.0,272.0,266.6666666666667,25.0,47.333333333333336,6.0,6.666666666666667
2026-04-01,2026,4,Q2,Lenovo IdeaPad Slim 3,Mumbai,15,272,296,47,6,4,73,270,1,275,106,5.2,74.73,294,305,0,Shortage,High,236.0,234.0,239.66666666666666,36.0,39.333333333333336,5.0,3.0
2026-05-01,2026,5,Q2,ASUS VivoBook 15,Bangalore,15,192,170,16,7,4,44,183,1,172,55,4.49,80.42,188,201,0,Shortage,High,195.0,188.0,181.0,21.0,32.0,4.0,3.3333333333333335
2026-05-01,2026,5,Q2,ASUS VivoBook 15,Delhi,15,230,214,38,9,4,68,196,1,223,82,4.76,79.03,230,245,0,Shortage,High,197.0,196.0,200.33333333333334,30.0,34.333333333333336,4.0,4.0
2026-05-01,2026,5,Q2,ASUS VivoBook 15,Mumbai,15,216,209,39,6,2,65,187,1,215,61,2.37,85.95,226,237,0,Shortage,High,211.0,174.0,193.0,19.0,27.0,1.0,1.6666666666666667
2026-05-01,2026,5,Q2,Acer Aspire 5,Bangalore,15,180,164,41,8,3,42,169,1,186,54,3.63,79.23,201,187,0,Shortage,High,171.0,155.0,172.0,26.0,27.0,1.0,1.0
2026-05-01,2026,5,Q2,Acer Aspire 5,Delhi,15,206,197,53,8,3,61,199,1,184,58,3.66,80.44,230,223,0,Shortage,High,189.0,193.0,192.33333333333334,37.0,26.0,4.0,2.6666666666666665
2026-05-01,2026,5,Q2,Acer Aspire 5,Mumbai,15,212,214,39,5,5,60,209,1,208,77,5.04,77.25,215,221,0,Shortage,High,176.0,175.0,176.66666666666666,30.0,19.0,7.0,6.666666666666667
2026-05-01,2026,5,Q2,Dell Inspiron 15,Bangalore,15,234,208,22,6,2,54,193,1,240,68,2.04,86.84,232,249,0,Shortage,High,232.0,219.0,222.33333333333334,46.0,42.333333333333336,1.0,1.3333333333333333
2026-05-01,2026,5,Q2,Dell Inspiron 15,Delhi,15,281,252,54,11,2,66,261,1,257,85,3.6,79.57,278,275,0,Shortage,High,254.0,257.0,259.0,57.0,66.0,1.0,1.6666666666666667
2026-05-01,2026,5,Q2,Dell Inspiron 15,Mumbai,15,240,251,29,7,3,67,205,1,244,82,3.28,77.7,258,281,0,Shortage,High,236.0,219.0,230.66666666666666,56.0,45.333333333333336,4.0,1.6666666666666667
2026-05-01,2026,5,Q2,HP Pavilion 15,Bangalore,15,207,180,44,7,2,50,180,1,199,52,2.34,83.37,202,193,0,Shortage,High,207.0,190.0,199.33333333333334,32.0,30.666666666666668,1.0,0.6666666666666666
2026-05-01,2026,5,Q2,HP Pavilion 15,Delhi,15,247,231,42,8,3,47,220,1,240,82,3.88,76.91,242,232,0,Shortage,High,215.0,222.0,214.33333333333334,54.0,37.666666666666664,3.0,3.0
2026-05-01,2026,5,Q2,HP Pavilion 15,Mumbai,15,229,234,42,6,2,56,231,1,237,69,2.09,82.17,219,218,0,Shortage,High,205.0,203.0,200.0,27.0,37.0,3.0,3.6666666666666665
2026-05-01,2026,5,Q2,Lenovo IdeaPad Slim 3,Bangalore,15,266,265,54,5,2,72,240,1,244,81,3.82,75.29,255,258,0,Shortage,High,251.0,237.0,248.33333333333334,32.0,42.666666666666664,3.0,3.6666666666666665
2026-05-01,2026,5,Q2,Lenovo IdeaPad Slim 3,Delhi,15,255,253,56,7,3,69,239,1,254,88,3.16,81.45,283,281,0,Shortage,High,276.0,260.0,268.0,36.0,38.333333333333336,4.0,5.666666666666667
2026-05-01,2026,5,Q2,Lenovo IdeaPad Slim 3,Mumbai,15,269,262,32,7,3,57,258,1,242,86,3.47,77.65,300,310,0,Shortage,High,272.0,249.0,252.33333333333334,47.0,44.333333333333336,4.0,4.0
2026-06-01,2026,6,Q2,ASUS VivoBook 15,Bangalore,15,176,183,39,6,3,52,179,1,162,46,3.99,81.99,191,189,0,Shortage,High,192.0,160.0,182.33333333333334,16.0,19.0,4.0,3.6666666666666665
2026-06-01,2026,6,Q2,ASUS VivoBook 15,Delhi,15,190,182,37,8,4,35,151,1,185,62,4.92,76.81,182,165,0,Shortage,High,230.0,208.0,211.66666666666666,38.0,33.333333333333336,4.0,4.333333333333333
2026-06-01,2026,6,Q2,ASUS VivoBook 15,Mumbai,15,196,201,34,8,1,48,188,1,202,49,2.38,82.59,208,207,0,Shortage,High,216.0,194.0,207.0,39.0,27.0,2.0,1.3333333333333333
2026-06-01,2026,6,Q2,Acer Aspire 5,Bangalore,15,164,154,29,7,3,37,128,1,161,47,2.15,84.9,167,160,0,Shortage,High,180.0,190.0,180.33333333333334,41.0,35.333333333333336,3.0,1.3333333333333333
2026-06-01,2026,6,Q2,Acer Aspire 5,Delhi,15,196,202,39,8,5,41,162,1,179,65,6.35,68.24,191,178,0,Shortage,High,206.0,195.0,196.66666666666666,53.0,36.0,3.0,3.0
2026-06-01,2026,6,Q2,Acer Aspire 5,Mumbai,15,185,178,17,7,6,34,150,1,187,69,5.63,76.01,179,181,0,Shortage,High,212.0,179.0,189.0,39.0,29.333333333333332,5.0,6.333333333333333
2026-06-01,2026,6,Q2,Dell Inspiron 15,Bangalore,15,219,193,30,5,1,53,199,1,218,56,1.99,87.17,222,230,0,Shortage,High,234.0,216.0,227.33333333333334,22.0,34.0,2.0,1.3333333333333333
2026-06-01,2026,6,Q2,Dell Inspiron 15,Delhi,15,276,272,49,6,2,79,263,1,268,86,3.13,80.29,302,317,0,Shortage,High,281.0,266.0,267.0,54.0,61.666666666666664,2.0,1.6666666666666667
2026-06-01,2026,6,Q2,Dell Inspiron 15,Mumbai,15,241,257,40,7,3,44,200,1,220,75,3.59,79.97,260,249,0,Shortage,High,240.0,237.0,237.66666666666666,29.0,37.666666666666664,3.0,2.6666666666666665
2026-06-01,2026,6,Q2,HP Pavilion 15,Bangalore,15,194,209,36,10,2,46,182,1,190,48,2.66,86.09,187,182,0,Shortage,High,207.0,201.0,205.0,44.0,37.333333333333336,2.0,1.0
2026-06-01,2026,6,Q2,HP Pavilion 15,Delhi,15,242,275,66,8,1,57,246,1,220,59,2.02,83.43,250,226,0,Shortage,High,247.0,206.0,222.66666666666666,42.0,41.666666666666664,3.0,3.0
2026-06-01,2026,6,Q2,HP Pavilion 15,Mumbai,15,199,189,15,7,1,50,184,1,188,46,0.71,90.34,201,221,0,Shortage,High,229.0,192.0,208.66666666666666,42.0,40.0,2.0,3.0
2026-06-01,2026,6,Q2,Lenovo IdeaPad Slim 3,Bangalore,15,251,247,72,8,2,51,236,1,224,69,3.08,82.07,246,210,0,Shortage,High,266.0,257.0,258.0,54.0,46.333333333333336,2.0,3.3333333333333335
2026-06-01,2026,6,Q2,Lenovo IdeaPad Slim 3,Delhi,15,281,252,38,9,2,62,263,1,277,87,3.76,82.09,274,283,0,Shortage,High,255.0,268.0,266.3333333333333,56.0,39.0,3.0,4.333333333333333
2026-06-01,2026,6,Q2,Lenovo IdeaPad Slim 3,Mumbai,15,255,239,37,7,3,52,246,1,252,87,2.75,83.99,270,270,0,Shortage,High,269.0,236.0,259.0,32.0,38.333333333333336,3.0,4.0
2026-07-01,2026,7,Q3,ASUS VivoBook 15,Bangalore,15,161,182,40,6,2,43,139,1,148,35,1.89,85.44,165,153,0,Shortage,High,176.0,195.0,187.66666666666666,39.0,25.333333333333332,3.0,3.6666666666666665
2026-07-01,2026,7,Q3,ASUS VivoBook 15,Delhi,15,211,219,26,6,3,59,201,1,189,58,3.15,83.14,207,225,0,Shortage,High,190.0,197.0,205.66666666666666,37.0,35.0,4.0,4.0
2026-07-01,2026,7,Q3,ASUS VivoBook 15,Mumbai,15,227,230,46,7,1,67,201,1,225,60,1.78,85.66,217,223,0,Shortage,High,196.0,211.0,207.66666666666666,34.0,30.666666666666668,1.0,1.3333333333333333
2026-07-01,2026,7,Q3,Acer Aspire 5,Bangalore,15,160,149,24,8,4,31,157,1,154,49,4.29,76.62,160,152,0,Shortage,High,164.0,171.0,171.66666666666666,29.0,32.0,3.0,2.3333333333333335
2026-07-01,2026,7,Q3,Acer Aspire 5,Delhi,15,210,195,36,6,5,41,197,1,189,73,5.55,77.49,223,213,0,Shortage,High,196.0,189.0,197.0,39.0,43.0,5.0,4.0
2026-07-01,2026,7,Q3,Acer Aspire 5,Mumbai,15,185,166,26,8,6,39,161,1,187,71,5.81,72.93,191,189,0,Shortage,High,185.0,176.0,191.0,17.0,28.666666666666668,6.0,6.0
2026-07-01,2026,7,Q3,Dell Inspiron 15,Bangalore,15,235,213,34,6,2,48,211,1,242,71,3.44,77.82,256,255,0,Shortage,High,219.0,232.0,228.33333333333334,30.0,32.666666666666664,1.0,1.3333333333333333
2026-07-01,2026,7,Q3,Dell Inspiron 15,Delhi,15,289,302,71,8,3,58,288,1,292,104,3.81,76.92,320,292,0,Shortage,High,276.0,254.0,270.3333333333333,49.0,53.333333333333336,2.0,1.6666666666666667
2026-07-01,2026,7,Q3,Dell Inspiron 15,Mumbai,15,237,242,28,7,3,70,221,1,242,83,3.9,79.25,264,291,0,Shortage,High,241.0,236.0,239.0,40.0,41.666666666666664,3.0,3.3333333333333335
2026-07-01,2026,7,Q3,HP Pavilion 15,Bangalore,15,213,195,30,7,2,61,183,1,189,52,2.68,81.63,217,233,0,Shortage,High,194.0,207.0,202.66666666666666,36.0,37.333333333333336,2.0,1.6666666666666667
2026-07-01,2026,7,Q3,HP Pavilion 15,Delhi,15,247,283,25,7,2,52,219,1,248,78,2.59,79.46,239,251,0,Shortage,High,242.0,215.0,234.66666666666666,66.0,54.0,1.0,2.3333333333333335
2026-07-01,2026,7,Q3,HP Pavilion 15,Mumbai,15,236,214,41,6,3,44,195,1,226,78,3.81,80.37,237,225,0,Shortage,High,199.0,205.0,211.0,15.0,28.0,1.0,2.0
2026-07-01,2026,7,Q3,Lenovo IdeaPad Slim 3,Bangalore,15,260,277,33,5,1,49,233,1,229,66,2.0,83.15,264,265,0,Shortage,High,251.0,251.0,256.0,72.0,52.666666666666664,2.0,2.3333333333333335
2026-07-01,2026,7,Q3,Lenovo IdeaPad Slim 3,Delhi,15,298,330,56,7,2,76,297,1,297,105,3.08,80.87,308,313,0,Shortage,High,281.0,276.0,270.6666666666667,38.0,43.333333333333336,2.0,3.0
2026-07-01,2026,7,Q3,Lenovo IdeaPad Slim 3,Mumbai,15,258,261,48,7,3,62,233,1,238,88,4.13,74.95,273,272,0,Shortage,High,255.0,272.0,265.3333333333333,37.0,38.666666666666664,3.0,3.3333333333333335
2026-08-01,2026,8,Q3,ASUS VivoBook 15,Bangalore,15,175,176,25,8,3,50,153,1,161,44,2.75,82.27,174,184,0,Shortage,High,161.0,192.0,176.33333333333334,40.0,31.666666666666668,2.0,3.0
2026-08-01,2026,8,Q3,ASUS VivoBook 15,Delhi,15,203,200,48,7,2,58,194,1,193,53,2.43,89.24,204,199,0,Shortage,High,211.0,230.0,210.33333333333334,26.0,33.666666666666664,3.0,3.6666666666666665
2026-08-01,2026,8,Q3,ASUS VivoBook 15,Mumbai,15,212,199,20,8,3,59,202,1,189,61,3.58,79.29,214,238,0,Shortage,High,227.0,216.0,213.0,46.0,39.666666666666664,1.0,1.3333333333333333
2026-08-01,2026,8,Q3,Acer Aspire 5,Bangalore,15,185,170,29,8,4,43,164,1,171,61,4.6,73.44,196,195,0,Shortage,High,160.0,180.0,168.0,24.0,31.333333333333332,4.0,3.3333333333333335
2026-08-01,2026,8,Q3,Acer Aspire 5,Delhi,15,243,236,43,8,3,68,232,1,250,82,3.7,81.76,269,279,0,Shortage,High,210.0,206.0,204.0,36.0,42.666666666666664,5.0,4.333333333333333
2026-08-01,2026,8,Q3,Acer Aspire 5,Mumbai,15,187,187,29,8,6,35,156,1,166,63,6.35,74.08,199,190,0,Shortage,High,185.0,212.0,194.0,26.0,27.333333333333332,6.0,5.666666666666667
2026-08-01,2026,8,Q3,Dell Inspiron 15,Bangalore,15,250,267,63,9,2,51,211,1,251,76,2.57,83.74,248,221,0,Shortage,High,235.0,234.0,229.33333333333334,34.0,28.666666666666668,2.0,1.6666666666666667
2026-08-01,2026,8,Q3,Dell Inspiron 15,Delhi,15,267,268,52,9,3,58,233,1,265,94,3.48,79.11,257,248,0,Shortage,High,289.0,281.0,282.0,71.0,58.0,3.0,2.3333333333333335
2026-08-01,2026,8,Q3,Dell Inspiron 15,Mumbai,15,259,266,35,5,2,68,224,1,228,70,2.87,83.76,248,266,0,Shortage,High,237.0,240.0,239.33333333333334,28.0,32.333333333333336,3.0,3.0
2026-08-01,2026,8,Q3,HP Pavilion 15,Bangalore,15,214,203,44,8,2,58,196,1,197,57,3.31,82.54,203,202,0,Shortage,High,213.0,207.0,204.66666666666666,30.0,36.666666666666664,2.0,2.0
2026-08-01,2026,8,Q3,HP Pavilion 15,Delhi,15,233,247,46,9,2,68,228,1,234,66,2.89,77.75,235,242,0,Shortage,High,247.0,247.0,245.33333333333334,25.0,44.333333333333336,2.0,2.0
2026-08-01,2026,8,Q3,HP Pavilion 15,Mumbai,15,245,202,28,8,2,47,223,1,228,69,2.76,80.75,274,278,0,Shortage,High,236.0,229.0,221.33333333333334,41.0,32.666666666666664,3.0,2.0
2026-08-01,2026,8,Q3,Lenovo IdeaPad Slim 3,Bangalore,15,253,274,39,7,1,64,205,1,245,69,2.57,82.22,244,254,0,Shortage,High,260.0,266.0,259.0,33.0,53.0,1.0,1.6666666666666667
2026-08-01,2026,8,Q3,Lenovo IdeaPad Slim 3,Delhi,15,294,276,60,8,4,57,264,1,283,111,4.86,76.9,291,273,0,Shortage,High,298.0,255.0,278.0,56.0,50.0,2.0,2.3333333333333335
2026-08-01,2026,8,Q3,Lenovo IdeaPad Slim 3,Mumbai,15,255,255,20,7,5,57,259,1,225,84,5.5,76.76,248,270,0,Shortage,High,258.0,269.0,260.6666666666667,48.0,39.0,3.0,3.0
